subject_id_namespace	subject_id	role_id	taxonomy_id
https://gtexportal.org	GTEX-1C6WA	cfde_subject_role:0	NCBI:txid9606
https://gtexportal.org	GTEX-13VXT	cfde_subject_role:0	NCBI:txid9606
https://gtexportal.org	GTEX-RU1J	cfde_subject_role:0	NCBI:txid9606
https://gtexportal.org	GTEX-ZTPG	cfde_subject_role:0	NCBI:txid9606
https://gtexportal.org	GTEX-Y8E4	cfde_subject_role:0	NCBI:txid9606
https://gtexportal.org	GTEX-12WSC	cfde_subject_role:0	NCBI:txid9606
https://gtexportal.org	GTEX-13OVJ	cfde_subject_role:0	NCBI:txid9606
https://gtexportal.org	GTEX-11WQK	cfde_subject_role:0	NCBI:txid9606
https://gtexportal.org	GTEX-17F9E	cfde_subject_role:0	NCBI:txid9606
https://gtexportal.org	GTEX-13QBU	cfde_subject_role:0	NCBI:txid9606
https://gtexportal.org	GTEX-S3XE	cfde_subject_role:0	NCBI:txid9606
https://gtexportal.org	GTEX-18A6Q	cfde_subject_role:0	NCBI:txid9606
https://gtexportal.org	GTEX-14BMU	cfde_subject_role:0	NCBI:txid9606
https://gtexportal.org	GTEX-13O1R	cfde_subject_role:0	NCBI:txid9606
https://gtexportal.org	GTEX-12WSA	cfde_subject_role:0	NCBI:txid9606
https://gtexportal.org	GTEX-13FTZ	cfde_subject_role:0	NCBI:txid9606
https://gtexportal.org	GTEX-14ASI	cfde_subject_role:0	NCBI:txid9606
https://gtexportal.org	GTEX-S4P3	cfde_subject_role:0	NCBI:txid9606
https://gtexportal.org	GTEX-Y114	cfde_subject_role:0	NCBI:txid9606
https://gtexportal.org	GTEX-14PN4	cfde_subject_role:0	NCBI:txid9606
https://gtexportal.org	GTEX-15DDE	cfde_subject_role:0	NCBI:txid9606
https://gtexportal.org	GTEX-13OVG	cfde_subject_role:0	NCBI:txid9606
https://gtexportal.org	GTEX-P4QT	cfde_subject_role:0	NCBI:txid9606
https://gtexportal.org	GTEX-13O21	cfde_subject_role:0	NCBI:txid9606
https://gtexportal.org	GTEX-QMRM	cfde_subject_role:0	NCBI:txid9606
https://gtexportal.org	GTEX-1497J	cfde_subject_role:0	NCBI:txid9606
https://gtexportal.org	GTEX-S4Z8	cfde_subject_role:0	NCBI:txid9606
https://gtexportal.org	GTEX-YF7O	cfde_subject_role:0	NCBI:txid9606
https://gtexportal.org	GTEX-14PN3	cfde_subject_role:0	NCBI:txid9606
https://gtexportal.org	GTEX-1CAMQ	cfde_subject_role:0	NCBI:txid9606
https://gtexportal.org	GTEX-13PL7	cfde_subject_role:0	NCBI:txid9606
https://gtexportal.org	GTEX-1GF9X	cfde_subject_role:0	NCBI:txid9606
https://gtexportal.org	GTEX-14JFF	cfde_subject_role:0	NCBI:txid9606
https://gtexportal.org	GTEX-QEG4	cfde_subject_role:0	NCBI:txid9606
https://gtexportal.org	GTEX-13SLW	cfde_subject_role:0	NCBI:txid9606
https://gtexportal.org	GTEX-PSDG	cfde_subject_role:0	NCBI:txid9606
https://gtexportal.org	GTEX-14PHY	cfde_subject_role:0	NCBI:txid9606
https://gtexportal.org	GTEX-Y5LM	cfde_subject_role:0	NCBI:txid9606
https://gtexportal.org	GTEX-QXCU	cfde_subject_role:0	NCBI:txid9606
https://gtexportal.org	GTEX-14ICL	cfde_subject_role:0	NCBI:txid9606
https://gtexportal.org	GTEX-WVJS	cfde_subject_role:0	NCBI:txid9606
https://gtexportal.org	GTEX-133LE	cfde_subject_role:0	NCBI:txid9606
https://gtexportal.org	GTEX-X8HC	cfde_subject_role:0	NCBI:txid9606
https://gtexportal.org	GTEX-11EQ9	cfde_subject_role:0	NCBI:txid9606
https://gtexportal.org	GTEX-O5YT	cfde_subject_role:0	NCBI:txid9606
https://gtexportal.org	GTEX-145ME	cfde_subject_role:0	NCBI:txid9606
https://gtexportal.org	GTEX-OHPN	cfde_subject_role:0	NCBI:txid9606
https://gtexportal.org	GTEX-WVLH	cfde_subject_role:0	NCBI:txid9606
https://gtexportal.org	GTEX-1E1VI	cfde_subject_role:0	NCBI:txid9606
https://gtexportal.org	GTEX-Y8LW	cfde_subject_role:0	NCBI:txid9606
https://gtexportal.org	GTEX-11ZVC	cfde_subject_role:0	NCBI:txid9606
https://gtexportal.org	GTEX-WXYG	cfde_subject_role:0	NCBI:txid9606
https://gtexportal.org	GTEX-12584	cfde_subject_role:0	NCBI:txid9606
https://gtexportal.org	GTEX-1GF9V	cfde_subject_role:0	NCBI:txid9606
https://gtexportal.org	GTEX-131YS	cfde_subject_role:0	NCBI:txid9606
https://gtexportal.org	GTEX-ZVE2	cfde_subject_role:0	NCBI:txid9606
https://gtexportal.org	GTEX-PX3G	cfde_subject_role:0	NCBI:txid9606
https://gtexportal.org	GTEX-11TTK	cfde_subject_role:0	NCBI:txid9606
https://gtexportal.org	GTEX-ZUA1	cfde_subject_role:0	NCBI:txid9606
https://gtexportal.org	GTEX-ZPCL	cfde_subject_role:0	NCBI:txid9606
https://gtexportal.org	GTEX-1122O	cfde_subject_role:0	NCBI:txid9606
https://gtexportal.org	GTEX-15F5U	cfde_subject_role:0	NCBI:txid9606
https://gtexportal.org	GTEX-1GN2E	cfde_subject_role:0	NCBI:txid9606
https://gtexportal.org	GTEX-U3ZH	cfde_subject_role:0	NCBI:txid9606
https://gtexportal.org	GTEX-147JS	cfde_subject_role:0	NCBI:txid9606
https://gtexportal.org	GTEX-SN8G	cfde_subject_role:0	NCBI:txid9606
https://gtexportal.org	GTEX-1192X	cfde_subject_role:0	NCBI:txid9606
https://gtexportal.org	GTEX-14PJ4	cfde_subject_role:0	NCBI:txid9606
https://gtexportal.org	GTEX-ZVZP	cfde_subject_role:0	NCBI:txid9606
https://gtexportal.org	GTEX-13X6I	cfde_subject_role:0	NCBI:txid9606
https://gtexportal.org	GTEX-1A3MW	cfde_subject_role:0	NCBI:txid9606
https://gtexportal.org	GTEX-15RIF	cfde_subject_role:0	NCBI:txid9606
https://gtexportal.org	GTEX-Q2AI	cfde_subject_role:0	NCBI:txid9606
https://gtexportal.org	GTEX-16BQI	cfde_subject_role:0	NCBI:txid9606
https://gtexportal.org	GTEX-14E6C	cfde_subject_role:0	NCBI:txid9606
https://gtexportal.org	GTEX-1B97J	cfde_subject_role:0	NCBI:txid9606
https://gtexportal.org	GTEX-11EI6	cfde_subject_role:0	NCBI:txid9606
https://gtexportal.org	GTEX-16XZZ	cfde_subject_role:0	NCBI:txid9606
https://gtexportal.org	GTEX-1F7RK	cfde_subject_role:0	NCBI:txid9606
https://gtexportal.org	GTEX-13G51	cfde_subject_role:0	NCBI:txid9606
https://gtexportal.org	GTEX-ZVTK	cfde_subject_role:0	NCBI:txid9606
https://gtexportal.org	GTEX-111FC	cfde_subject_role:0	NCBI:txid9606
https://gtexportal.org	GTEX-1F6RS	cfde_subject_role:0	NCBI:txid9606
https://gtexportal.org	GTEX-U3ZN	cfde_subject_role:0	NCBI:txid9606
https://gtexportal.org	GTEX-ZAKK	cfde_subject_role:0	NCBI:txid9606
https://gtexportal.org	GTEX-14JG6	cfde_subject_role:0	NCBI:txid9606
https://gtexportal.org	GTEX-14A5I	cfde_subject_role:0	NCBI:txid9606
https://gtexportal.org	GTEX-15DCZ	cfde_subject_role:0	NCBI:txid9606
https://gtexportal.org	GTEX-P78B	cfde_subject_role:0	NCBI:txid9606
https://gtexportal.org	GTEX-18A67	cfde_subject_role:0	NCBI:txid9606
https://gtexportal.org	GTEX-ZT9X	cfde_subject_role:0	NCBI:txid9606
https://gtexportal.org	GTEX-1A32A	cfde_subject_role:0	NCBI:txid9606
https://gtexportal.org	GTEX-13NZ9	cfde_subject_role:0	NCBI:txid9606
https://gtexportal.org	GTEX-NPJ7	cfde_subject_role:0	NCBI:txid9606
https://gtexportal.org	GTEX-11ZTS	cfde_subject_role:0	NCBI:txid9606
https://gtexportal.org	GTEX-148VJ	cfde_subject_role:0	NCBI:txid9606
https://gtexportal.org	GTEX-Y8DK	cfde_subject_role:0	NCBI:txid9606
https://gtexportal.org	GTEX-U412	cfde_subject_role:0	NCBI:txid9606
https://gtexportal.org	GTEX-NL4W	cfde_subject_role:0	NCBI:txid9606
https://gtexportal.org	GTEX-R55G	cfde_subject_role:0	NCBI:txid9606
https://gtexportal.org	GTEX-11UD1	cfde_subject_role:0	NCBI:txid9606
https://gtexportal.org	GTEX-UJMC	cfde_subject_role:0	NCBI:txid9606
https://gtexportal.org	GTEX-S7SE	cfde_subject_role:0	NCBI:txid9606
https://gtexportal.org	GTEX-14PKV	cfde_subject_role:0	NCBI:txid9606
https://gtexportal.org	GTEX-13FH7	cfde_subject_role:0	NCBI:txid9606
https://gtexportal.org	GTEX-1B8SF	cfde_subject_role:0	NCBI:txid9606
https://gtexportal.org	GTEX-S7PM	cfde_subject_role:0	NCBI:txid9606
https://gtexportal.org	GTEX-ZDXO	cfde_subject_role:0	NCBI:txid9606
https://gtexportal.org	GTEX-XBEC	cfde_subject_role:0	NCBI:txid9606
https://gtexportal.org	GTEX-1C4CL	cfde_subject_role:0	NCBI:txid9606
https://gtexportal.org	GTEX-15DCE	cfde_subject_role:0	NCBI:txid9606
https://gtexportal.org	GTEX-ZYT6	cfde_subject_role:0	NCBI:txid9606
https://gtexportal.org	GTEX-QDVN	cfde_subject_role:0	NCBI:txid9606
https://gtexportal.org	GTEX-QLQ7	cfde_subject_role:0	NCBI:txid9606
https://gtexportal.org	GTEX-ZWKS	cfde_subject_role:0	NCBI:txid9606
https://gtexportal.org	GTEX-WOFL	cfde_subject_role:0	NCBI:txid9606
https://gtexportal.org	GTEX-17F96	cfde_subject_role:0	NCBI:txid9606
https://gtexportal.org	GTEX-13PLJ	cfde_subject_role:0	NCBI:txid9606
https://gtexportal.org	GTEX-13N2G	cfde_subject_role:0	NCBI:txid9606
https://gtexportal.org	GTEX-145MI	cfde_subject_role:0	NCBI:txid9606
https://gtexportal.org	GTEX-12126	cfde_subject_role:0	NCBI:txid9606
https://gtexportal.org	GTEX-13OW8	cfde_subject_role:0	NCBI:txid9606
https://gtexportal.org	GTEX-W5WG	cfde_subject_role:0	NCBI:txid9606
https://gtexportal.org	GTEX-1339X	cfde_subject_role:0	NCBI:txid9606
https://gtexportal.org	GTEX-16MT9	cfde_subject_role:0	NCBI:txid9606
https://gtexportal.org	GTEX-ZGAY	cfde_subject_role:0	NCBI:txid9606
https://gtexportal.org	GTEX-1AX8Y	cfde_subject_role:0	NCBI:txid9606
https://gtexportal.org	GTEX-P4PP	cfde_subject_role:0	NCBI:txid9606
https://gtexportal.org	GTEX-15DYW	cfde_subject_role:0	NCBI:txid9606
https://gtexportal.org	GTEX-139UW	cfde_subject_role:0	NCBI:txid9606
https://gtexportal.org	GTEX-RWSA	cfde_subject_role:0	NCBI:txid9606
https://gtexportal.org	GTEX-1C64O	cfde_subject_role:0	NCBI:txid9606
https://gtexportal.org	GTEX-145MO	cfde_subject_role:0	NCBI:txid9606
https://gtexportal.org	GTEX-SIU8	cfde_subject_role:0	NCBI:txid9606
https://gtexportal.org	GTEX-S7SF	cfde_subject_role:0	NCBI:txid9606
https://gtexportal.org	GTEX-P4PQ	cfde_subject_role:0	NCBI:txid9606
https://gtexportal.org	GTEX-QMR6	cfde_subject_role:0	NCBI:txid9606
https://gtexportal.org	GTEX-18D9A	cfde_subject_role:0	NCBI:txid9606
https://gtexportal.org	GTEX-13QJ3	cfde_subject_role:0	NCBI:txid9606
https://gtexportal.org	GTEX-11DXW	cfde_subject_role:0	NCBI:txid9606
https://gtexportal.org	GTEX-1CB4F	cfde_subject_role:0	NCBI:txid9606
https://gtexportal.org	GTEX-117YW	cfde_subject_role:0	NCBI:txid9606
https://gtexportal.org	GTEX-1F5PL	cfde_subject_role:0	NCBI:txid9606
https://gtexportal.org	GTEX-1F6IF	cfde_subject_role:0	NCBI:txid9606
https://gtexportal.org	GTEX-RU72	cfde_subject_role:0	NCBI:txid9606
https://gtexportal.org	GTEX-14A5H	cfde_subject_role:0	NCBI:txid9606
https://gtexportal.org	GTEX-139YR	cfde_subject_role:0	NCBI:txid9606
https://gtexportal.org	GTEX-ZYY3	cfde_subject_role:0	NCBI:txid9606
https://gtexportal.org	GTEX-PWCY	cfde_subject_role:0	NCBI:txid9606
https://gtexportal.org	GTEX-1AMEY	cfde_subject_role:0	NCBI:txid9606
https://gtexportal.org	GTEX-ZLFU	cfde_subject_role:0	NCBI:txid9606
https://gtexportal.org	GTEX-ZYFG	cfde_subject_role:0	NCBI:txid9606
https://gtexportal.org	GTEX-X4XY	cfde_subject_role:0	NCBI:txid9606
https://gtexportal.org	GTEX-15RJ7	cfde_subject_role:0	NCBI:txid9606
https://gtexportal.org	GTEX-WEY5	cfde_subject_role:0	NCBI:txid9606
https://gtexportal.org	GTEX-17HHY	cfde_subject_role:0	NCBI:txid9606
https://gtexportal.org	GTEX-15G19	cfde_subject_role:0	NCBI:txid9606
https://gtexportal.org	GTEX-Q2AH	cfde_subject_role:0	NCBI:txid9606
https://gtexportal.org	GTEX-WHPG	cfde_subject_role:0	NCBI:txid9606
https://gtexportal.org	GTEX-13YAN	cfde_subject_role:0	NCBI:txid9606
https://gtexportal.org	GTEX-117XS	cfde_subject_role:0	NCBI:txid9606
https://gtexportal.org	GTEX-14PJ6	cfde_subject_role:0	NCBI:txid9606
https://gtexportal.org	GTEX-15SDE	cfde_subject_role:0	NCBI:txid9606
https://gtexportal.org	GTEX-T2IS	cfde_subject_role:0	NCBI:txid9606
https://gtexportal.org	GTEX-13111	cfde_subject_role:0	NCBI:txid9606
https://gtexportal.org	GTEX-1117F	cfde_subject_role:0	NCBI:txid9606
https://gtexportal.org	GTEX-13FLV	cfde_subject_role:0	NCBI:txid9606
https://gtexportal.org	GTEX-POMQ	cfde_subject_role:0	NCBI:txid9606
https://gtexportal.org	GTEX-XMD2	cfde_subject_role:0	NCBI:txid9606
https://gtexportal.org	GTEX-X3Y1	cfde_subject_role:0	NCBI:txid9606
https://gtexportal.org	GTEX-1GN1V	cfde_subject_role:0	NCBI:txid9606
https://gtexportal.org	GTEX-QVJO	cfde_subject_role:0	NCBI:txid9606
https://gtexportal.org	GTEX-15UF6	cfde_subject_role:0	NCBI:txid9606
https://gtexportal.org	GTEX-12WSJ	cfde_subject_role:0	NCBI:txid9606
https://gtexportal.org	GTEX-WHWD	cfde_subject_role:0	NCBI:txid9606
https://gtexportal.org	GTEX-XOT4	cfde_subject_role:0	NCBI:txid9606
https://gtexportal.org	GTEX-13W46	cfde_subject_role:0	NCBI:txid9606
https://gtexportal.org	GTEX-183WM	cfde_subject_role:0	NCBI:txid9606
https://gtexportal.org	GTEX-1GN1U	cfde_subject_role:0	NCBI:txid9606
https://gtexportal.org	GTEX-1A3MV	cfde_subject_role:0	NCBI:txid9606
https://gtexportal.org	GTEX-TSE9	cfde_subject_role:0	NCBI:txid9606
https://gtexportal.org	GTEX-17EVP	cfde_subject_role:0	NCBI:txid9606
https://gtexportal.org	GTEX-14BMV	cfde_subject_role:0	NCBI:txid9606
https://gtexportal.org	GTEX-14PQA	cfde_subject_role:0	NCBI:txid9606
https://gtexportal.org	GTEX-14PJ2	cfde_subject_role:0	NCBI:txid9606
https://gtexportal.org	GTEX-15UKP	cfde_subject_role:0	NCBI:txid9606
https://gtexportal.org	GTEX-146FQ	cfde_subject_role:0	NCBI:txid9606
https://gtexportal.org	GTEX-WYBS	cfde_subject_role:0	NCBI:txid9606
https://gtexportal.org	GTEX-14PJO	cfde_subject_role:0	NCBI:txid9606
https://gtexportal.org	GTEX-147GR	cfde_subject_role:0	NCBI:txid9606
https://gtexportal.org	GTEX-12ZZW	cfde_subject_role:0	NCBI:txid9606
https://gtexportal.org	GTEX-X638	cfde_subject_role:0	NCBI:txid9606
https://gtexportal.org	GTEX-RNOR	cfde_subject_role:0	NCBI:txid9606
https://gtexportal.org	GTEX-PW2O	cfde_subject_role:0	NCBI:txid9606
https://gtexportal.org	GTEX-W5X1	cfde_subject_role:0	NCBI:txid9606
https://gtexportal.org	GTEX-XPVG	cfde_subject_role:0	NCBI:txid9606
https://gtexportal.org	GTEX-17F97	cfde_subject_role:0	NCBI:txid9606
https://gtexportal.org	GTEX-13CZV	cfde_subject_role:0	NCBI:txid9606
https://gtexportal.org	GTEX-Y9LG	cfde_subject_role:0	NCBI:txid9606
https://gtexportal.org	GTEX-13OVH	cfde_subject_role:0	NCBI:txid9606
https://gtexportal.org	GTEX-17GQL	cfde_subject_role:0	NCBI:txid9606
https://gtexportal.org	GTEX-146FR	cfde_subject_role:0	NCBI:txid9606
https://gtexportal.org	GTEX-145LS	cfde_subject_role:0	NCBI:txid9606
https://gtexportal.org	GTEX-17HG3	cfde_subject_role:0	NCBI:txid9606
https://gtexportal.org	GTEX-183FY	cfde_subject_role:0	NCBI:txid9606
https://gtexportal.org	GTEX-13PL6	cfde_subject_role:0	NCBI:txid9606
https://gtexportal.org	GTEX-ZYFC	cfde_subject_role:0	NCBI:txid9606
https://gtexportal.org	GTEX-1F75I	cfde_subject_role:0	NCBI:txid9606
https://gtexportal.org	GTEX-ZDTS	cfde_subject_role:0	NCBI:txid9606
https://gtexportal.org	GTEX-13NYS	cfde_subject_role:0	NCBI:txid9606
https://gtexportal.org	GTEX-13OW7	cfde_subject_role:0	NCBI:txid9606
https://gtexportal.org	GTEX-XUZC	cfde_subject_role:0	NCBI:txid9606
https://gtexportal.org	GTEX-SSA3	cfde_subject_role:0	NCBI:txid9606
https://gtexportal.org	GTEX-1399Q	cfde_subject_role:0	NCBI:txid9606
https://gtexportal.org	GTEX-15CHS	cfde_subject_role:0	NCBI:txid9606
https://gtexportal.org	GTEX-145LU	cfde_subject_role:0	NCBI:txid9606
https://gtexportal.org	GTEX-SNOS	cfde_subject_role:0	NCBI:txid9606
https://gtexportal.org	GTEX-18QFQ	cfde_subject_role:0	NCBI:txid9606
https://gtexportal.org	GTEX-14E1K	cfde_subject_role:0	NCBI:txid9606
https://gtexportal.org	GTEX-13NYC	cfde_subject_role:0	NCBI:txid9606
https://gtexportal.org	GTEX-16YQH	cfde_subject_role:0	NCBI:txid9606
https://gtexportal.org	GTEX-1C64N	cfde_subject_role:0	NCBI:txid9606
https://gtexportal.org	GTEX-WFON	cfde_subject_role:0	NCBI:txid9606
https://gtexportal.org	GTEX-1F75A	cfde_subject_role:0	NCBI:txid9606
https://gtexportal.org	GTEX-XK95	cfde_subject_role:0	NCBI:txid9606
https://gtexportal.org	GTEX-RVPV	cfde_subject_role:0	NCBI:txid9606
https://gtexportal.org	GTEX-WQUQ	cfde_subject_role:0	NCBI:txid9606
https://gtexportal.org	GTEX-12WSK	cfde_subject_role:0	NCBI:txid9606
https://gtexportal.org	GTEX-14PJN	cfde_subject_role:0	NCBI:txid9606
https://gtexportal.org	GTEX-111VG	cfde_subject_role:0	NCBI:txid9606
https://gtexportal.org	GTEX-1EWIQ	cfde_subject_role:0	NCBI:txid9606
https://gtexportal.org	GTEX-UPIC	cfde_subject_role:0	NCBI:txid9606
https://gtexportal.org	GTEX-13NZB	cfde_subject_role:0	NCBI:txid9606
https://gtexportal.org	GTEX-OHPJ	cfde_subject_role:0	NCBI:txid9606
https://gtexportal.org	GTEX-13U4I	cfde_subject_role:0	NCBI:txid9606
https://gtexportal.org	GTEX-UJHI	cfde_subject_role:0	NCBI:txid9606
https://gtexportal.org	GTEX-131XE	cfde_subject_role:0	NCBI:txid9606
https://gtexportal.org	GTEX-15SHU	cfde_subject_role:0	NCBI:txid9606
https://gtexportal.org	GTEX-1GL5R	cfde_subject_role:0	NCBI:txid9606
https://gtexportal.org	GTEX-1AYD5	cfde_subject_role:0	NCBI:txid9606
https://gtexportal.org	GTEX-1A8FM	cfde_subject_role:0	NCBI:txid9606
https://gtexportal.org	GTEX-15TU5	cfde_subject_role:0	NCBI:txid9606
https://gtexportal.org	GTEX-WOFM	cfde_subject_role:0	NCBI:txid9606
https://gtexportal.org	GTEX-1F75W	cfde_subject_role:0	NCBI:txid9606
https://gtexportal.org	GTEX-12C56	cfde_subject_role:0	NCBI:txid9606
https://gtexportal.org	GTEX-11TT1	cfde_subject_role:0	NCBI:txid9606
https://gtexportal.org	GTEX-ZF3C	cfde_subject_role:0	NCBI:txid9606
https://gtexportal.org	GTEX-1B8SG	cfde_subject_role:0	NCBI:txid9606
https://gtexportal.org	GTEX-111YS	cfde_subject_role:0	NCBI:txid9606
https://gtexportal.org	GTEX-14PHX	cfde_subject_role:0	NCBI:txid9606
https://gtexportal.org	GTEX-WK11	cfde_subject_role:0	NCBI:txid9606
https://gtexportal.org	GTEX-YJ89	cfde_subject_role:0	NCBI:txid9606
https://gtexportal.org	GTEX-S33H	cfde_subject_role:0	NCBI:txid9606
https://gtexportal.org	GTEX-XQ8I	cfde_subject_role:0	NCBI:txid9606
https://gtexportal.org	GTEX-15DCD	cfde_subject_role:0	NCBI:txid9606
https://gtexportal.org	GTEX-O5YV	cfde_subject_role:0	NCBI:txid9606
https://gtexportal.org	GTEX-14ICK	cfde_subject_role:0	NCBI:txid9606
https://gtexportal.org	GTEX-ZXG5	cfde_subject_role:0	NCBI:txid9606
https://gtexportal.org	GTEX-14LLW	cfde_subject_role:0	NCBI:txid9606
https://gtexportal.org	GTEX-148VI	cfde_subject_role:0	NCBI:txid9606
https://gtexportal.org	GTEX-13D11	cfde_subject_role:0	NCBI:txid9606
https://gtexportal.org	GTEX-NPJ8	cfde_subject_role:0	NCBI:txid9606
https://gtexportal.org	GTEX-16MTA	cfde_subject_role:0	NCBI:txid9606
https://gtexportal.org	GTEX-131XW	cfde_subject_role:0	NCBI:txid9606
https://gtexportal.org	GTEX-14PII	cfde_subject_role:0	NCBI:txid9606
https://gtexportal.org	GTEX-U8XE	cfde_subject_role:0	NCBI:txid9606
https://gtexportal.org	GTEX-PWOO	cfde_subject_role:0	NCBI:txid9606
https://gtexportal.org	GTEX-14PJ3	cfde_subject_role:0	NCBI:txid9606
https://gtexportal.org	GTEX-PWN1	cfde_subject_role:0	NCBI:txid9606
https://gtexportal.org	GTEX-S4Q7	cfde_subject_role:0	NCBI:txid9606
https://gtexportal.org	GTEX-1EH9U	cfde_subject_role:0	NCBI:txid9606
https://gtexportal.org	GTEX-ZG7Y	cfde_subject_role:0	NCBI:txid9606
https://gtexportal.org	GTEX-11ONC	cfde_subject_role:0	NCBI:txid9606
https://gtexportal.org	GTEX-16NFA	cfde_subject_role:0	NCBI:txid9606
https://gtexportal.org	GTEX-1B97I	cfde_subject_role:0	NCBI:txid9606
https://gtexportal.org	GTEX-1EKGG	cfde_subject_role:0	NCBI:txid9606
https://gtexportal.org	GTEX-1128S	cfde_subject_role:0	NCBI:txid9606
https://gtexportal.org	GTEX-11DXX	cfde_subject_role:0	NCBI:txid9606
https://gtexportal.org	GTEX-13X6H	cfde_subject_role:0	NCBI:txid9606
https://gtexportal.org	GTEX-1GN1W	cfde_subject_role:0	NCBI:txid9606
https://gtexportal.org	GTEX-15SKB	cfde_subject_role:0	NCBI:txid9606
https://gtexportal.org	GTEX-15ER7	cfde_subject_role:0	NCBI:txid9606
https://gtexportal.org	GTEX-11WQC	cfde_subject_role:0	NCBI:txid9606
https://gtexportal.org	GTEX-117YX	cfde_subject_role:0	NCBI:txid9606
https://gtexportal.org	GTEX-P44G	cfde_subject_role:0	NCBI:txid9606
https://gtexportal.org	GTEX-169BO	cfde_subject_role:0	NCBI:txid9606
https://gtexportal.org	GTEX-11DXY	cfde_subject_role:0	NCBI:txid9606
https://gtexportal.org	GTEX-12WSF	cfde_subject_role:0	NCBI:txid9606
https://gtexportal.org	GTEX-Y3IK	cfde_subject_role:0	NCBI:txid9606
https://gtexportal.org	GTEX-14PJ5	cfde_subject_role:0	NCBI:txid9606
https://gtexportal.org	GTEX-RTLS	cfde_subject_role:0	NCBI:txid9606
https://gtexportal.org	GTEX-ZTX8	cfde_subject_role:0	NCBI:txid9606
https://gtexportal.org	GTEX-147F3	cfde_subject_role:0	NCBI:txid9606
https://gtexportal.org	GTEX-11TUW	cfde_subject_role:0	NCBI:txid9606
https://gtexportal.org	GTEX-13S7M	cfde_subject_role:0	NCBI:txid9606
https://gtexportal.org	GTEX-18D9U	cfde_subject_role:0	NCBI:txid9606
https://gtexportal.org	GTEX-14BIM	cfde_subject_role:0	NCBI:txid9606
https://gtexportal.org	GTEX-QVUS	cfde_subject_role:0	NCBI:txid9606
https://gtexportal.org	GTEX-YB5E	cfde_subject_role:0	NCBI:txid9606
https://gtexportal.org	GTEX-1192W	cfde_subject_role:0	NCBI:txid9606
https://gtexportal.org	GTEX-XMD1	cfde_subject_role:0	NCBI:txid9606
https://gtexportal.org	GTEX-U3ZM	cfde_subject_role:0	NCBI:txid9606
https://gtexportal.org	GTEX-VJWN	cfde_subject_role:0	NCBI:txid9606
https://gtexportal.org	GTEX-144GN	cfde_subject_role:0	NCBI:txid9606
https://gtexportal.org	GTEX-ZYFD	cfde_subject_role:0	NCBI:txid9606
https://gtexportal.org	GTEX-XMD3	cfde_subject_role:0	NCBI:txid9606
https://gtexportal.org	GTEX-ZF29	cfde_subject_role:0	NCBI:txid9606
https://gtexportal.org	GTEX-ZVP2	cfde_subject_role:0	NCBI:txid9606
https://gtexportal.org	GTEX-WI4N	cfde_subject_role:0	NCBI:txid9606
https://gtexportal.org	GTEX-X4EP	cfde_subject_role:0	NCBI:txid9606
https://gtexportal.org	GTEX-1C6VS	cfde_subject_role:0	NCBI:txid9606
https://gtexportal.org	GTEX-WHSE	cfde_subject_role:0	NCBI:txid9606
https://gtexportal.org	GTEX-OXRN	cfde_subject_role:0	NCBI:txid9606
https://gtexportal.org	GTEX-SJXC	cfde_subject_role:0	NCBI:txid9606
https://gtexportal.org	GTEX-1399T	cfde_subject_role:0	NCBI:txid9606
https://gtexportal.org	GTEX-QLQW	cfde_subject_role:0	NCBI:txid9606
https://gtexportal.org	GTEX-X4LF	cfde_subject_role:0	NCBI:txid9606
https://gtexportal.org	GTEX-1CB4G	cfde_subject_role:0	NCBI:txid9606
https://gtexportal.org	GTEX-WYJK	cfde_subject_role:0	NCBI:txid9606
https://gtexportal.org	GTEX-R53T	cfde_subject_role:0	NCBI:txid9606
https://gtexportal.org	GTEX-XYKS	cfde_subject_role:0	NCBI:txid9606
https://gtexportal.org	GTEX-QESD	cfde_subject_role:0	NCBI:txid9606
https://gtexportal.org	GTEX-16A39	cfde_subject_role:0	NCBI:txid9606
https://gtexportal.org	GTEX-18A66	cfde_subject_role:0	NCBI:txid9606
https://gtexportal.org	GTEX-ZVZQ	cfde_subject_role:0	NCBI:txid9606
https://gtexportal.org	GTEX-139T4	cfde_subject_role:0	NCBI:txid9606
https://gtexportal.org	GTEX-15D79	cfde_subject_role:0	NCBI:txid9606
https://gtexportal.org	GTEX-15SHV	cfde_subject_role:0	NCBI:txid9606
https://gtexportal.org	GTEX-ZU9S	cfde_subject_role:0	NCBI:txid9606
https://gtexportal.org	GTEX-ZF28	cfde_subject_role:0	NCBI:txid9606
https://gtexportal.org	GTEX-SNMC	cfde_subject_role:0	NCBI:txid9606
https://gtexportal.org	GTEX-15DZA	cfde_subject_role:0	NCBI:txid9606
https://gtexportal.org	GTEX-13N11	cfde_subject_role:0	NCBI:txid9606
https://gtexportal.org	GTEX-11PRG	cfde_subject_role:0	NCBI:txid9606
https://gtexportal.org	GTEX-15EOM	cfde_subject_role:0	NCBI:txid9606
https://gtexportal.org	GTEX-R55F	cfde_subject_role:0	NCBI:txid9606
https://gtexportal.org	GTEX-13N1W	cfde_subject_role:0	NCBI:txid9606
https://gtexportal.org	GTEX-13O3Q	cfde_subject_role:0	NCBI:txid9606
https://gtexportal.org	GTEX-12WSM	cfde_subject_role:0	NCBI:txid9606
https://gtexportal.org	GTEX-RVPU	cfde_subject_role:0	NCBI:txid9606
https://gtexportal.org	GTEX-QV44	cfde_subject_role:0	NCBI:txid9606
https://gtexportal.org	GTEX-13SLX	cfde_subject_role:0	NCBI:txid9606
https://gtexportal.org	GTEX-11NV4	cfde_subject_role:0	NCBI:txid9606
https://gtexportal.org	GTEX-12KS4	cfde_subject_role:0	NCBI:txid9606
https://gtexportal.org	GTEX-XBEW	cfde_subject_role:0	NCBI:txid9606
https://gtexportal.org	GTEX-1B932	cfde_subject_role:0	NCBI:txid9606
https://gtexportal.org	GTEX-1C6VQ	cfde_subject_role:0	NCBI:txid9606
https://gtexportal.org	GTEX-V955	cfde_subject_role:0	NCBI:txid9606
https://gtexportal.org	GTEX-S32W	cfde_subject_role:0	NCBI:txid9606
https://gtexportal.org	GTEX-11DXZ	cfde_subject_role:0	NCBI:txid9606
https://gtexportal.org	GTEX-132Q8	cfde_subject_role:0	NCBI:txid9606
https://gtexportal.org	GTEX-11DZ1	cfde_subject_role:0	NCBI:txid9606
https://gtexportal.org	GTEX-1AX9J	cfde_subject_role:0	NCBI:txid9606
https://gtexportal.org	GTEX-1AX9I	cfde_subject_role:0	NCBI:txid9606
https://gtexportal.org	GTEX-UPK5	cfde_subject_role:0	NCBI:txid9606
https://gtexportal.org	GTEX-14E6E	cfde_subject_role:0	NCBI:txid9606
https://gtexportal.org	GTEX-ZTTD	cfde_subject_role:0	NCBI:txid9606
https://gtexportal.org	GTEX-OXRL	cfde_subject_role:0	NCBI:txid9606
https://gtexportal.org	GTEX-WRHU	cfde_subject_role:0	NCBI:txid9606
https://gtexportal.org	GTEX-13OW5	cfde_subject_role:0	NCBI:txid9606
https://gtexportal.org	GTEX-1CB4H	cfde_subject_role:0	NCBI:txid9606
https://gtexportal.org	GTEX-12ZZX	cfde_subject_role:0	NCBI:txid9606
https://gtexportal.org	GTEX-1A8G6	cfde_subject_role:0	NCBI:txid9606
https://gtexportal.org	GTEX-13X6K	cfde_subject_role:0	NCBI:txid9606
https://gtexportal.org	GTEX-139TT	cfde_subject_role:0	NCBI:txid9606
https://gtexportal.org	GTEX-QEG5	cfde_subject_role:0	NCBI:txid9606
https://gtexportal.org	GTEX-U4B1	cfde_subject_role:0	NCBI:txid9606
https://gtexportal.org	GTEX-Y8E5	cfde_subject_role:0	NCBI:txid9606
https://gtexportal.org	GTEX-1C475	cfde_subject_role:0	NCBI:txid9606
https://gtexportal.org	GTEX-13FHO	cfde_subject_role:0	NCBI:txid9606
https://gtexportal.org	GTEX-1GF9W	cfde_subject_role:0	NCBI:txid9606
https://gtexportal.org	GTEX-12696	cfde_subject_role:0	NCBI:txid9606
https://gtexportal.org	GTEX-13113	cfde_subject_role:0	NCBI:txid9606
https://gtexportal.org	GTEX-139T8	cfde_subject_role:0	NCBI:txid9606
https://gtexportal.org	GTEX-QEL4	cfde_subject_role:0	NCBI:txid9606
https://gtexportal.org	GTEX-13X6J	cfde_subject_role:0	NCBI:txid9606
https://gtexportal.org	GTEX-145MN	cfde_subject_role:0	NCBI:txid9606
https://gtexportal.org	GTEX-U8T8	cfde_subject_role:0	NCBI:txid9606
https://gtexportal.org	GTEX-WH7G	cfde_subject_role:0	NCBI:txid9606
https://gtexportal.org	GTEX-13OVL	cfde_subject_role:0	NCBI:txid9606
https://gtexportal.org	GTEX-NL3G	cfde_subject_role:0	NCBI:txid9606
https://gtexportal.org	GTEX-14PK6	cfde_subject_role:0	NCBI:txid9606
https://gtexportal.org	GTEX-11VI4	cfde_subject_role:0	NCBI:txid9606
https://gtexportal.org	GTEX-REY6	cfde_subject_role:0	NCBI:txid9606
https://gtexportal.org	GTEX-ZVT4	cfde_subject_role:0	NCBI:txid9606
https://gtexportal.org	GTEX-1GN73	cfde_subject_role:0	NCBI:txid9606
https://gtexportal.org	GTEX-1GZ4H	cfde_subject_role:0	NCBI:txid9606
https://gtexportal.org	GTEX-OXRK	cfde_subject_role:0	NCBI:txid9606
https://gtexportal.org	GTEX-T6MO	cfde_subject_role:0	NCBI:txid9606
https://gtexportal.org	GTEX-14E6D	cfde_subject_role:0	NCBI:txid9606
https://gtexportal.org	GTEX-TMZS	cfde_subject_role:0	NCBI:txid9606
https://gtexportal.org	GTEX-1211K	cfde_subject_role:0	NCBI:txid9606
https://gtexportal.org	GTEX-1269C	cfde_subject_role:0	NCBI:txid9606
https://gtexportal.org	GTEX-11ZTT	cfde_subject_role:0	NCBI:txid9606
https://gtexportal.org	GTEX-ZVT3	cfde_subject_role:0	NCBI:txid9606
https://gtexportal.org	GTEX-ZVE1	cfde_subject_role:0	NCBI:txid9606
https://gtexportal.org	GTEX-1FIGZ	cfde_subject_role:0	NCBI:txid9606
https://gtexportal.org	GTEX-12WS9	cfde_subject_role:0	NCBI:txid9606
https://gtexportal.org	GTEX-13FHP	cfde_subject_role:0	NCBI:txid9606
https://gtexportal.org	GTEX-NFK9	cfde_subject_role:0	NCBI:txid9606
https://gtexportal.org	GTEX-1212Z	cfde_subject_role:0	NCBI:txid9606
https://gtexportal.org	GTEX-YB5K	cfde_subject_role:0	NCBI:txid9606
https://gtexportal.org	GTEX-OIZI	cfde_subject_role:0	NCBI:txid9606
https://gtexportal.org	GTEX-139UC	cfde_subject_role:0	NCBI:txid9606
https://gtexportal.org	GTEX-YECK	cfde_subject_role:0	NCBI:txid9606
https://gtexportal.org	GTEX-RM2N	cfde_subject_role:0	NCBI:txid9606
https://gtexportal.org	GTEX-OHPM	cfde_subject_role:0	NCBI:txid9606
https://gtexportal.org	GTEX-1GZHY	cfde_subject_role:0	NCBI:txid9606
https://gtexportal.org	GTEX-18D9B	cfde_subject_role:0	NCBI:txid9606
https://gtexportal.org	GTEX-Y3I4	cfde_subject_role:0	NCBI:txid9606
https://gtexportal.org	GTEX-11GSO	cfde_subject_role:0	NCBI:txid9606
https://gtexportal.org	GTEX-17EVQ	cfde_subject_role:0	NCBI:txid9606
https://gtexportal.org	GTEX-11O72	cfde_subject_role:0	NCBI:txid9606
https://gtexportal.org	GTEX-13CZU	cfde_subject_role:0	NCBI:txid9606
https://gtexportal.org	GTEX-13OW6	cfde_subject_role:0	NCBI:txid9606
https://gtexportal.org	GTEX-1AX9K	cfde_subject_role:0	NCBI:txid9606
https://gtexportal.org	GTEX-14ABY	cfde_subject_role:0	NCBI:txid9606
https://gtexportal.org	GTEX-13FTX	cfde_subject_role:0	NCBI:txid9606
https://gtexportal.org	GTEX-R55C	cfde_subject_role:0	NCBI:txid9606
https://gtexportal.org	GTEX-18A7B	cfde_subject_role:0	NCBI:txid9606
https://gtexportal.org	GTEX-16GPK	cfde_subject_role:0	NCBI:txid9606
https://gtexportal.org	GTEX-ZXES	cfde_subject_role:0	NCBI:txid9606
https://gtexportal.org	GTEX-SIU7	cfde_subject_role:0	NCBI:txid9606
https://gtexportal.org	GTEX-ZC5H	cfde_subject_role:0	NCBI:txid9606
https://gtexportal.org	GTEX-113IC	cfde_subject_role:0	NCBI:txid9606
https://gtexportal.org	GTEX-14PKU	cfde_subject_role:0	NCBI:txid9606
https://gtexportal.org	GTEX-UPJH	cfde_subject_role:0	NCBI:txid9606
https://gtexportal.org	GTEX-14753	cfde_subject_role:0	NCBI:txid9606
https://gtexportal.org	GTEX-16NGA	cfde_subject_role:0	NCBI:txid9606
https://gtexportal.org	GTEX-T6MN	cfde_subject_role:0	NCBI:txid9606
https://gtexportal.org	GTEX-145MF	cfde_subject_role:0	NCBI:txid9606
https://gtexportal.org	GTEX-13CF2	cfde_subject_role:0	NCBI:txid9606
https://gtexportal.org	GTEX-113JC	cfde_subject_role:0	NCBI:txid9606
https://gtexportal.org	GTEX-X88G	cfde_subject_role:0	NCBI:txid9606
https://gtexportal.org	GTEX-WL46	cfde_subject_role:0	NCBI:txid9606
https://gtexportal.org	GTEX-14A6H	cfde_subject_role:0	NCBI:txid9606
https://gtexportal.org	GTEX-1AX8Z	cfde_subject_role:0	NCBI:txid9606
https://gtexportal.org	GTEX-NL3H	cfde_subject_role:0	NCBI:txid9606
https://gtexportal.org	GTEX-15G1A	cfde_subject_role:0	NCBI:txid9606
https://gtexportal.org	GTEX-14JIY	cfde_subject_role:0	NCBI:txid9606
https://gtexportal.org	GTEX-16AAH	cfde_subject_role:0	NCBI:txid9606
https://gtexportal.org	GTEX-11P82	cfde_subject_role:0	NCBI:txid9606
https://gtexportal.org	GTEX-13FXS	cfde_subject_role:0	NCBI:txid9606
https://gtexportal.org	GTEX-12WSD	cfde_subject_role:0	NCBI:txid9606
https://gtexportal.org	GTEX-13NYB	cfde_subject_role:0	NCBI:txid9606
https://gtexportal.org	GTEX-ZQUD	cfde_subject_role:0	NCBI:txid9606
https://gtexportal.org	GTEX-14DAR	cfde_subject_role:0	NCBI:txid9606
https://gtexportal.org	GTEX-11OC5	cfde_subject_role:0	NCBI:txid9606
https://gtexportal.org	GTEX-1GTWX	cfde_subject_role:0	NCBI:txid9606
https://gtexportal.org	GTEX-XLM4	cfde_subject_role:0	NCBI:txid9606
https://gtexportal.org	GTEX-1GF9U	cfde_subject_role:0	NCBI:txid9606
https://gtexportal.org	GTEX-ZA64	cfde_subject_role:0	NCBI:txid9606
https://gtexportal.org	GTEX-ZAB4	cfde_subject_role:0	NCBI:txid9606
https://gtexportal.org	GTEX-WRHK	cfde_subject_role:0	NCBI:txid9606
https://gtexportal.org	GTEX-XGQ4	cfde_subject_role:0	NCBI:txid9606
https://gtexportal.org	GTEX-16Z82	cfde_subject_role:0	NCBI:txid9606
https://gtexportal.org	GTEX-1GMR8	cfde_subject_role:0	NCBI:txid9606
https://gtexportal.org	GTEX-OXRP	cfde_subject_role:0	NCBI:txid9606
https://gtexportal.org	GTEX-T8EM	cfde_subject_role:0	NCBI:txid9606
https://gtexportal.org	GTEX-XBED	cfde_subject_role:0	NCBI:txid9606
https://gtexportal.org	GTEX-11NUK	cfde_subject_role:0	NCBI:txid9606
https://gtexportal.org	GTEX-WWYW	cfde_subject_role:0	NCBI:txid9606
https://gtexportal.org	GTEX-14BIL	cfde_subject_role:0	NCBI:txid9606
https://gtexportal.org	GTEX-13IVO	cfde_subject_role:0	NCBI:txid9606
https://gtexportal.org	GTEX-13VXU	cfde_subject_role:0	NCBI:txid9606
https://gtexportal.org	GTEX-15SB6	cfde_subject_role:0	NCBI:txid9606
https://gtexportal.org	GTEX-Z9EW	cfde_subject_role:0	NCBI:txid9606
https://gtexportal.org	GTEX-ZQG8	cfde_subject_role:0	NCBI:txid9606
https://gtexportal.org	GTEX-11OF3	cfde_subject_role:0	NCBI:txid9606
https://gtexportal.org	GTEX-131XG	cfde_subject_role:0	NCBI:txid9606
https://gtexportal.org	GTEX-15CHR	cfde_subject_role:0	NCBI:txid9606
https://gtexportal.org	GTEX-13PVR	cfde_subject_role:0	NCBI:txid9606
https://gtexportal.org	GTEX-TML8	cfde_subject_role:0	NCBI:txid9606
https://gtexportal.org	GTEX-13FLW	cfde_subject_role:0	NCBI:txid9606
https://gtexportal.org	GTEX-QV31	cfde_subject_role:0	NCBI:txid9606
https://gtexportal.org	GTEX-12ZZY	cfde_subject_role:0	NCBI:txid9606
https://gtexportal.org	GTEX-11DYG	cfde_subject_role:0	NCBI:txid9606
https://gtexportal.org	GTEX-17KNJ	cfde_subject_role:0	NCBI:txid9606
https://gtexportal.org	GTEX-WZTO	cfde_subject_role:0	NCBI:txid9606
https://gtexportal.org	GTEX-WFG7	cfde_subject_role:0	NCBI:txid9606
https://gtexportal.org	GTEX-16XZY	cfde_subject_role:0	NCBI:txid9606
https://gtexportal.org	GTEX-17JCI	cfde_subject_role:0	NCBI:txid9606
https://gtexportal.org	GTEX-XUYS	cfde_subject_role:0	NCBI:txid9606
https://gtexportal.org	GTEX-ZLWG	cfde_subject_role:0	NCBI:txid9606
https://gtexportal.org	GTEX-T5JC	cfde_subject_role:0	NCBI:txid9606
https://gtexportal.org	GTEX-13NZA	cfde_subject_role:0	NCBI:txid9606
https://gtexportal.org	GTEX-144GM	cfde_subject_role:0	NCBI:txid9606
https://gtexportal.org	GTEX-147F4	cfde_subject_role:0	NCBI:txid9606
https://gtexportal.org	GTEX-12WSL	cfde_subject_role:0	NCBI:txid9606
https://gtexportal.org	GTEX-OOBK	cfde_subject_role:0	NCBI:txid9606
https://gtexportal.org	GTEX-1F88F	cfde_subject_role:0	NCBI:txid9606
https://gtexportal.org	GTEX-17HII	cfde_subject_role:0	NCBI:txid9606
https://gtexportal.org	GTEX-17MFQ	cfde_subject_role:0	NCBI:txid9606
https://gtexportal.org	GTEX-12WSI	cfde_subject_role:0	NCBI:txid9606
https://gtexportal.org	GTEX-139TS	cfde_subject_role:0	NCBI:txid9606
https://gtexportal.org	GTEX-1CB4I	cfde_subject_role:0	NCBI:txid9606
https://gtexportal.org	GTEX-1399S	cfde_subject_role:0	NCBI:txid9606
https://gtexportal.org	GTEX-VUSG	cfde_subject_role:0	NCBI:txid9606
https://gtexportal.org	GTEX-T2YK	cfde_subject_role:0	NCBI:txid9606
https://gtexportal.org	GTEX-15EO6	cfde_subject_role:0	NCBI:txid9606
https://gtexportal.org	GTEX-11NSD	cfde_subject_role:0	NCBI:txid9606
https://gtexportal.org	GTEX-P4QR	cfde_subject_role:0	NCBI:txid9606
https://gtexportal.org	GTEX-ZTSS	cfde_subject_role:0	NCBI:txid9606
https://gtexportal.org	GTEX-R45C	cfde_subject_role:0	NCBI:txid9606
https://gtexportal.org	GTEX-RN64	cfde_subject_role:0	NCBI:txid9606
https://gtexportal.org	GTEX-14PJP	cfde_subject_role:0	NCBI:txid9606
https://gtexportal.org	GTEX-RUSQ	cfde_subject_role:0	NCBI:txid9606
https://gtexportal.org	GTEX-OIZG	cfde_subject_role:0	NCBI:txid9606
https://gtexportal.org	GTEX-YJ8O	cfde_subject_role:0	NCBI:txid9606
https://gtexportal.org	GTEX-145LV	cfde_subject_role:0	NCBI:txid9606
https://gtexportal.org	GTEX-11GS4	cfde_subject_role:0	NCBI:txid9606
https://gtexportal.org	GTEX-O5YW	cfde_subject_role:0	NCBI:txid9606
https://gtexportal.org	GTEX-XUW1	cfde_subject_role:0	NCBI:txid9606
https://gtexportal.org	GTEX-144GO	cfde_subject_role:0	NCBI:txid9606
https://gtexportal.org	GTEX-15RJE	cfde_subject_role:0	NCBI:txid9606
https://gtexportal.org	GTEX-O5YU	cfde_subject_role:0	NCBI:txid9606
https://gtexportal.org	GTEX-XPT6	cfde_subject_role:0	NCBI:txid9606
https://gtexportal.org	GTEX-1445S	cfde_subject_role:0	NCBI:txid9606
https://gtexportal.org	GTEX-R55D	cfde_subject_role:0	NCBI:txid9606
https://gtexportal.org	GTEX-12WSB	cfde_subject_role:0	NCBI:txid9606
https://gtexportal.org	GTEX-11EQ8	cfde_subject_role:0	NCBI:txid9606
https://gtexportal.org	GTEX-14C38	cfde_subject_role:0	NCBI:txid9606
https://gtexportal.org	GTEX-11UD2	cfde_subject_role:0	NCBI:txid9606
https://gtexportal.org	GTEX-1CAV2	cfde_subject_role:0	NCBI:txid9606
https://gtexportal.org	GTEX-1E2YA	cfde_subject_role:0	NCBI:txid9606
https://gtexportal.org	GTEX-YBZK	cfde_subject_role:0	NCBI:txid9606
https://gtexportal.org	GTEX-13112	cfde_subject_role:0	NCBI:txid9606
https://gtexportal.org	GTEX-WFJO	cfde_subject_role:0	NCBI:txid9606
https://gtexportal.org	GTEX-S4UY	cfde_subject_role:0	NCBI:txid9606
https://gtexportal.org	GTEX-12ZZZ	cfde_subject_role:0	NCBI:txid9606
https://gtexportal.org	GTEX-ZT9W	cfde_subject_role:0	NCBI:txid9606
https://gtexportal.org	GTEX-14JG1	cfde_subject_role:0	NCBI:txid9606
https://gtexportal.org	GTEX-1AMFI	cfde_subject_role:0	NCBI:txid9606
https://gtexportal.org	GTEX-1GPI7	cfde_subject_role:0	NCBI:txid9606
https://gtexportal.org	GTEX-YFCO	cfde_subject_role:0	NCBI:txid9606
https://gtexportal.org	GTEX-16NPX	cfde_subject_role:0	NCBI:txid9606
https://gtexportal.org	GTEX-XV7Q	cfde_subject_role:0	NCBI:txid9606
https://gtexportal.org	GTEX-17HGU	cfde_subject_role:0	NCBI:txid9606
https://gtexportal.org	GTEX-11ZU8	cfde_subject_role:0	NCBI:txid9606
https://gtexportal.org	GTEX-ZV6S	cfde_subject_role:0	NCBI:txid9606
https://gtexportal.org	GTEX-17F98	cfde_subject_role:0	NCBI:txid9606
https://gtexportal.org	GTEX-Q734	cfde_subject_role:0	NCBI:txid9606
https://gtexportal.org	GTEX-14LZ3	cfde_subject_role:0	NCBI:txid9606
https://gtexportal.org	GTEX-14PJM	cfde_subject_role:0	NCBI:txid9606
https://gtexportal.org	GTEX-13RTL	cfde_subject_role:0	NCBI:txid9606
https://gtexportal.org	GTEX-ZE7O	cfde_subject_role:0	NCBI:txid9606
https://gtexportal.org	GTEX-X261	cfde_subject_role:0	NCBI:txid9606
https://gtexportal.org	GTEX-QCQG	cfde_subject_role:0	NCBI:txid9606
https://gtexportal.org	GTEX-ZE9C	cfde_subject_role:0	NCBI:txid9606
https://gtexportal.org	GTEX-1399R	cfde_subject_role:0	NCBI:txid9606
https://gtexportal.org	GTEX-11LCK	cfde_subject_role:0	NCBI:txid9606
https://gtexportal.org	GTEX-14E7W	cfde_subject_role:0	NCBI:txid9606
https://gtexportal.org	GTEX-QDT8	cfde_subject_role:0	NCBI:txid9606
https://gtexportal.org	GTEX-1GMR3	cfde_subject_role:0	NCBI:txid9606
https://gtexportal.org	GTEX-1477Z	cfde_subject_role:0	NCBI:txid9606
https://gtexportal.org	GTEX-12WSN	cfde_subject_role:0	NCBI:txid9606
https://gtexportal.org	GTEX-145MH	cfde_subject_role:0	NCBI:txid9606
https://gtexportal.org	GTEX-14AS3	cfde_subject_role:0	NCBI:txid9606
https://gtexportal.org	GTEX-1A8G7	cfde_subject_role:0	NCBI:txid9606
https://gtexportal.org	GTEX-132QS	cfde_subject_role:0	NCBI:txid9606
https://gtexportal.org	GTEX-1B996	cfde_subject_role:0	NCBI:txid9606
https://gtexportal.org	GTEX-OIZF	cfde_subject_role:0	NCBI:txid9606
https://gtexportal.org	GTEX-X62O	cfde_subject_role:0	NCBI:txid9606
https://gtexportal.org	GTEX-144GL	cfde_subject_role:0	NCBI:txid9606
https://gtexportal.org	GTEX-16MT8	cfde_subject_role:0	NCBI:txid9606
https://gtexportal.org	GTEX-ZYW4	cfde_subject_role:0	NCBI:txid9606
https://gtexportal.org	GTEX-ZP4G	cfde_subject_role:0	NCBI:txid9606
https://gtexportal.org	GTEX-PVOW	cfde_subject_role:0	NCBI:txid9606
https://gtexportal.org	GTEX-XAJ8	cfde_subject_role:0	NCBI:txid9606
https://gtexportal.org	GTEX-YJ8A	cfde_subject_role:0	NCBI:txid9606
https://gtexportal.org	GTEX-1C6VR	cfde_subject_role:0	NCBI:txid9606
https://gtexportal.org	GTEX-178AV	cfde_subject_role:0	NCBI:txid9606
https://gtexportal.org	GTEX-145LT	cfde_subject_role:0	NCBI:txid9606
https://gtexportal.org	GTEX-YEC3	cfde_subject_role:0	NCBI:txid9606
https://gtexportal.org	GTEX-YEC4	cfde_subject_role:0	NCBI:txid9606
https://gtexportal.org	K-562	cfde_subject_role:0	NCBI:txid9606
https://gtexportal.org	GTEX-Y5V5	cfde_subject_role:0	NCBI:txid9606
https://gtexportal.org	GTEX-18A7A	cfde_subject_role:0	NCBI:txid9606
https://gtexportal.org	GTEX-13O61	cfde_subject_role:0	NCBI:txid9606
https://gtexportal.org	GTEX-11H98	cfde_subject_role:0	NCBI:txid9606
https://gtexportal.org	GTEX-15D1Q	cfde_subject_role:0	NCBI:txid9606
https://gtexportal.org	GTEX-T5JW	cfde_subject_role:0	NCBI:txid9606
https://gtexportal.org	GTEX-ZPIC	cfde_subject_role:0	NCBI:txid9606
https://gtexportal.org	GTEX-15EU6	cfde_subject_role:0	NCBI:txid9606
https://gtexportal.org	GTEX-12WSE	cfde_subject_role:0	NCBI:txid9606
https://gtexportal.org	GTEX-POYW	cfde_subject_role:0	NCBI:txid9606
https://gtexportal.org	GTEX-XXEK	cfde_subject_role:0	NCBI:txid9606
https://gtexportal.org	GTEX-14BIN	cfde_subject_role:0	NCBI:txid9606
https://gtexportal.org	GTEX-1313W	cfde_subject_role:0	NCBI:txid9606
https://gtexportal.org	GTEX-1314G	cfde_subject_role:0	NCBI:txid9606
https://gtexportal.org	GTEX-18465	cfde_subject_role:0	NCBI:txid9606
https://gtexportal.org	GTEX-145MG	cfde_subject_role:0	NCBI:txid9606
https://gtexportal.org	GTEX-11XUK	cfde_subject_role:0	NCBI:txid9606
https://gtexportal.org	GTEX-V1D1	cfde_subject_role:0	NCBI:txid9606
https://gtexportal.org	GTEX-1GMRU	cfde_subject_role:0	NCBI:txid9606
https://gtexportal.org	GTEX-TKQ1	cfde_subject_role:0	NCBI:txid9606
https://gtexportal.org	GTEX-1B8L1	cfde_subject_role:0	NCBI:txid9606
https://gtexportal.org	GTEX-N7MS	cfde_subject_role:0	NCBI:txid9606
https://gtexportal.org	GTEX-ZLV1	cfde_subject_role:0	NCBI:txid9606
https://gtexportal.org	GTEX-PLZ6	cfde_subject_role:0	NCBI:txid9606
https://gtexportal.org	GTEX-YFC4	cfde_subject_role:0	NCBI:txid9606
https://gtexportal.org	GTEX-14DAQ	cfde_subject_role:0	NCBI:txid9606
https://gtexportal.org	GTEX-Q2AG	cfde_subject_role:0	NCBI:txid9606
https://gtexportal.org	GTEX-144FL	cfde_subject_role:0	NCBI:txid9606
https://gtexportal.org	GTEX-13RTK	cfde_subject_role:0	NCBI:txid9606
https://gtexportal.org	GTEX-WY7C	cfde_subject_role:0	NCBI:txid9606
https://gtexportal.org	GTEX-1CB4E	cfde_subject_role:0	NCBI:txid9606
https://gtexportal.org	GTEX-RWS6	cfde_subject_role:0	NCBI:txid9606
https://gtexportal.org	GTEX-ZY6K	cfde_subject_role:0	NCBI:txid9606
https://gtexportal.org	GTEX-ZDTT	cfde_subject_role:0	NCBI:txid9606
https://gtexportal.org	GTEX-11I78	cfde_subject_role:0	NCBI:txid9606
https://gtexportal.org	GTEX-SUCS	cfde_subject_role:0	NCBI:txid9606
https://gtexportal.org	GTEX-WHSB	cfde_subject_role:0	NCBI:txid9606
https://gtexportal.org	GTEX-139T6	cfde_subject_role:0	NCBI:txid9606
https://gtexportal.org	GTEX-U3ZG	cfde_subject_role:0	NCBI:txid9606
https://gtexportal.org	GTEX-12WSH	cfde_subject_role:0	NCBI:txid9606
https://gtexportal.org	GTEX-OXRO	cfde_subject_role:0	NCBI:txid9606
https://gtexportal.org	GTEX-TKQ2	cfde_subject_role:0	NCBI:txid9606
https://gtexportal.org	GTEX-1F5PK	cfde_subject_role:0	NCBI:txid9606
https://gtexportal.org	GTEX-1F52S	cfde_subject_role:0	NCBI:txid9606
https://gtexportal.org	GTEX-15CHC	cfde_subject_role:0	NCBI:txid9606
https://gtexportal.org	GTEX-QDVJ	cfde_subject_role:0	NCBI:txid9606
https://gtexportal.org	GTEX-VUSH	cfde_subject_role:0	NCBI:txid9606
https://gtexportal.org	GTEX-11GSP	cfde_subject_role:0	NCBI:txid9606
https://gtexportal.org	GTEX-OHPL	cfde_subject_role:0	NCBI:txid9606
https://gtexportal.org	GTEX-ZZPT	cfde_subject_role:0	NCBI:txid9606
https://gtexportal.org	GTEX-Y111	cfde_subject_role:0	NCBI:txid9606
https://gtexportal.org	GTEX-1399U	cfde_subject_role:0	NCBI:txid9606
https://gtexportal.org	GTEX-132AR	cfde_subject_role:0	NCBI:txid9606
https://gtexportal.org	GTEX-R55E	cfde_subject_role:0	NCBI:txid9606
https://gtexportal.org	GTEX-13O3P	cfde_subject_role:0	NCBI:txid9606
https://gtexportal.org	GTEX-XMK1	cfde_subject_role:0	NCBI:txid9606
https://gtexportal.org	GTEX-PLZ5	cfde_subject_role:0	NCBI:txid9606
https://gtexportal.org	GTEX-139TU	cfde_subject_role:0	NCBI:txid9606
https://gtexportal.org	GTEX-TMKS	cfde_subject_role:0	NCBI:txid9606
https://gtexportal.org	GTEX-17F9Y	cfde_subject_role:0	NCBI:txid9606
https://gtexportal.org	GTEX-ZF2S	cfde_subject_role:0	NCBI:txid9606
https://gtexportal.org	GTEX-WFG8	cfde_subject_role:0	NCBI:txid9606
https://gtexportal.org	GTEX-ZPU1	cfde_subject_role:0	NCBI:txid9606
https://gtexportal.org	GTEX-S95S	cfde_subject_role:0	NCBI:txid9606
https://gtexportal.org	GTEX-131XH	cfde_subject_role:0	NCBI:txid9606
https://gtexportal.org	GTEX-OIZH	cfde_subject_role:0	NCBI:txid9606
https://gtexportal.org	GTEX-139D8	cfde_subject_role:0	NCBI:txid9606
https://gtexportal.org	GTEX-P44H	cfde_subject_role:0	NCBI:txid9606
https://gtexportal.org	GTEX-ZV7C	cfde_subject_role:0	NCBI:txid9606
https://gtexportal.org	GTEX-X5EB	cfde_subject_role:0	NCBI:txid9606
https://gtexportal.org	GTEX-N7MT	cfde_subject_role:0	NCBI:txid9606
https://gtexportal.org	GTEX-13RTJ	cfde_subject_role:0	NCBI:txid9606
https://gtexportal.org	GTEX-ZZPU	cfde_subject_role:0	NCBI:txid9606
https://gtexportal.org	GTEX-15UF7	cfde_subject_role:0	NCBI:txid9606
https://gtexportal.org	GTEX-UTHO	cfde_subject_role:0	NCBI:txid9606
https://gtexportal.org	GTEX-1B933	cfde_subject_role:0	NCBI:txid9606
https://gtexportal.org	GTEX-OHPK	cfde_subject_role:0	NCBI:txid9606
https://gtexportal.org	GTEX-ZAK1	cfde_subject_role:0	NCBI:txid9606
https://gtexportal.org	GTEX-15SZO	cfde_subject_role:0	NCBI:txid9606
https://gtexportal.org	GTEX-1AYCT	cfde_subject_role:0	NCBI:txid9606
https://gtexportal.org	GTEX-11ILO	cfde_subject_role:0	NCBI:txid9606
https://gtexportal.org	GTEX-13OVI	cfde_subject_role:0	NCBI:txid9606
https://gtexportal.org	GTEX-OOBJ	cfde_subject_role:0	NCBI:txid9606
https://gtexportal.org	GTEX-14PHW	cfde_subject_role:0	NCBI:txid9606
https://gtexportal.org	GTEX-13QJC	cfde_subject_role:0	NCBI:txid9606
https://gtexportal.org	GTEX-WYVS	cfde_subject_role:0	NCBI:txid9606
https://gtexportal.org	GTEX-1GMR2	cfde_subject_role:0	NCBI:txid9606
https://gtexportal.org	GTEX-R3RS	cfde_subject_role:0	NCBI:txid9606
https://gtexportal.org	GTEX-13S86	cfde_subject_role:0	NCBI:txid9606
https://gtexportal.org	GTEX-111CU	cfde_subject_role:0	NCBI:txid9606
https://gtexportal.org	GTEX-1CAMS	cfde_subject_role:0	NCBI:txid9606
https://gtexportal.org	GTEX-1CAMR	cfde_subject_role:0	NCBI:txid9606
https://gtexportal.org	GTEX-ZEX8	cfde_subject_role:0	NCBI:txid9606
https://gtexportal.org	GTEX-P4QS	cfde_subject_role:0	NCBI:txid9606
https://gtexportal.org	GTEX-15SHW	cfde_subject_role:0	NCBI:txid9606
https://gtexportal.org	GTEX-1EU9M	cfde_subject_role:0	NCBI:txid9606
https://gtexportal.org	GTEX-16NPV	cfde_subject_role:0	NCBI:txid9606
https://gtexportal.org	GTEX-Z93T	cfde_subject_role:0	NCBI:txid9606
https://gtexportal.org	GTEX-ZV68	cfde_subject_role:0	NCBI:txid9606
https://gtexportal.org	GTEX-SE5C	cfde_subject_role:0	NCBI:txid9606
https://gtexportal.org	GTEX-13O3O	cfde_subject_role:0	NCBI:txid9606
https://gtexportal.org	GTEX-11P81	cfde_subject_role:0	NCBI:txid9606
https://gtexportal.org	GTEX-13CIG	cfde_subject_role:0	NCBI:txid9606
https://gtexportal.org	GTEX-13OVK	cfde_subject_role:0	NCBI:txid9606
https://gtexportal.org	GTEX-12BJ1	cfde_subject_role:0	NCBI:txid9606
https://gtexportal.org	GTEX-X4XX	cfde_subject_role:0	NCBI:txid9606
https://gtexportal.org	GTEX-XOTO	cfde_subject_role:0	NCBI:txid9606
https://gtexportal.org	GTEX-WCDI	cfde_subject_role:0	NCBI:txid9606
https://gtexportal.org	GTEX-ZAJG	cfde_subject_role:0	NCBI:txid9606
https://gtexportal.org	GTEX-1CB4J	cfde_subject_role:0	NCBI:txid9606
https://gtexportal.org	GTEX-X4EO	cfde_subject_role:0	NCBI:txid9606
https://gtexportal.org	GTEX-13PDP	cfde_subject_role:0	NCBI:txid9606
https://gtexportal.org	GTEX-1F48J	cfde_subject_role:0	NCBI:txid9606
https://gtexportal.org	GTEX-Y5V6	cfde_subject_role:0	NCBI:txid9606
https://gtexportal.org	GTEX-14C39	cfde_subject_role:0	NCBI:txid9606
https://gtexportal.org	GTEX-17EUY	cfde_subject_role:0	NCBI:txid9606
https://gtexportal.org	GTEX-15RIG	cfde_subject_role:0	NCBI:txid9606
https://gtexportal.org	GTEX-132NY	cfde_subject_role:0	NCBI:txid9606
https://gtexportal.org	GTEX-15ETS	cfde_subject_role:0	NCBI:txid9606
https://gtexportal.org	GTEX-WWTW	cfde_subject_role:0	NCBI:txid9606
https://gtexportal.org	GTEX-X585	cfde_subject_role:0	NCBI:txid9606
https://gtexportal.org	GTEX-ZZ64	cfde_subject_role:0	NCBI:txid9606
https://gtexportal.org	GTEX-1EX96	cfde_subject_role:0	NCBI:txid9606
https://gtexportal.org	GTEX-13FTW	cfde_subject_role:0	NCBI:txid9606
https://gtexportal.org	GTEX-19HZE	cfde_subject_role:0	NCBI:txid9606
https://gtexportal.org	GTEX-ZYWO	cfde_subject_role:0	NCBI:txid9606
https://gtexportal.org	GTEX-146FH	cfde_subject_role:0	NCBI:txid9606
https://gtexportal.org	GTEX-13JVG	cfde_subject_role:0	NCBI:txid9606
https://gtexportal.org	GTEX-14C5O	cfde_subject_role:0	NCBI:txid9606
https://gtexportal.org	GTEX-1F6I4	cfde_subject_role:0	NCBI:txid9606
https://gtexportal.org	GTEX-13PVQ	cfde_subject_role:0	NCBI:txid9606
https://gtexportal.org	GTEX-15CHQ	cfde_subject_role:0	NCBI:txid9606
https://gtexportal.org	GTEX-1A3MX	cfde_subject_role:0	NCBI:txid9606
https://gtexportal.org	GTEX-13CF3	cfde_subject_role:0	NCBI:txid9606
https://gtexportal.org	GTEX-PLZ4	cfde_subject_role:0	NCBI:txid9606
https://gtexportal.org	GTEX-1B8KE	cfde_subject_role:0	NCBI:txid9606
https://gtexportal.org	GTEX-XQ3S	cfde_subject_role:0	NCBI:txid9606
https://gtexportal.org	GTEX-Z93S	cfde_subject_role:0	NCBI:txid9606
https://gtexportal.org	GTEX-15RIE	cfde_subject_role:0	NCBI:txid9606
https://gtexportal.org	GTEX-11EMC	cfde_subject_role:0	NCBI:txid9606
https://gtexportal.org	GTEX-VJYA	cfde_subject_role:0	NCBI:txid9606
https://gtexportal.org	GTEX-18464	cfde_subject_role:0	NCBI:txid9606
https://gtexportal.org	GTEX-1BAJH	cfde_subject_role:0	NCBI:txid9606
https://gtexportal.org	GTEX-13NZ8	cfde_subject_role:0	NCBI:txid9606
https://gtexportal.org	GTEX-X15G	cfde_subject_role:0	NCBI:txid9606
https://gtexportal.org	GTEX-17HHE	cfde_subject_role:0	NCBI:txid9606
https://gtexportal.org	GTEX-11EM3	cfde_subject_role:0	NCBI:txid9606
https://gtexportal.org	GTEX-ZDYS	cfde_subject_role:0	NCBI:txid9606
https://gtexportal.org	GTEX-14B4R	cfde_subject_role:0	NCBI:txid9606
https://gtexportal.org	GTEX-131XF	cfde_subject_role:0	NCBI:txid9606
https://gtexportal.org	GTEX-ZYVF	cfde_subject_role:0	NCBI:txid9606
https://gtexportal.org	GTEX-13W3W	cfde_subject_role:0	NCBI:txid9606
https://gtexportal.org	GTEX-14H4A	cfde_subject_role:0	NCBI:txid9606
https://gtexportal.org	GTEX-11P7K	cfde_subject_role:0	NCBI:txid9606
https://gtexportal.org	GTEX-XUJ4	cfde_subject_role:0	NCBI:txid9606
https://gtexportal.org	GTEX-13JUV	cfde_subject_role:0	NCBI:txid9606
https://gtexportal.org	GTEX-1GZ2Q	cfde_subject_role:0	NCBI:txid9606
https://gtexportal.org	GTEX-S341	cfde_subject_role:0	NCBI:txid9606
https://gtexportal.org	GTEX-TMMY	cfde_subject_role:0	NCBI:txid9606
https://gtexportal.org	GTEX-1EN7A	cfde_subject_role:0	NCBI:txid9606
https://gtexportal.org	GTEX-ZVT2	cfde_subject_role:0	NCBI:txid9606
https://gtexportal.org	GTEX-12WSG	cfde_subject_role:0	NCBI:txid9606
https://gtexportal.org	GTEX-1B98T	cfde_subject_role:0	NCBI:txid9606
https://gtexportal.org	GTEX-ZVZO	cfde_subject_role:0	NCBI:txid9606
https://gtexportal.org	GTEX-1B8KZ	cfde_subject_role:0	NCBI:txid9606
https://gtexportal.org	GTEX-15FZZ	cfde_subject_role:0	NCBI:txid9606
https://gtexportal.org	GTEX-1C2JI	cfde_subject_role:0	NCBI:txid9606
https://gtexportal.org	GTEX-PWO3	cfde_subject_role:0	NCBI:txid9606
https://gtexportal.org	GTEX-17MF6	cfde_subject_role:0	NCBI:txid9606
https://gtexportal.org	GTEX-13QIC	cfde_subject_role:0	NCBI:txid9606
https://gtexportal.org	GTEX-1F75B	cfde_subject_role:0	NCBI:txid9606
https://gtexportal.org	GTEX-1EMGI	cfde_subject_role:0	NCBI:txid9606
https://gtexportal.org	GTEX-11ZUS	cfde_subject_role:0	NCBI:txid9606
https://gtexportal.org	GTEX-14XAO	cfde_subject_role:0	NCBI:txid9606
https://gtexportal.org	GTEX-ZAB5	cfde_subject_role:0	NCBI:txid9606
https://gtexportal.org	GTEX-13FTY	cfde_subject_role:0	NCBI:txid9606
