id_namespace	id	project_id_namespace	project	persistent_id	creation_time	assay_type	anatomy
https://motrpac-data.org	90044015503	https://motrpac-data.org	MoTrPAC			OBI:0002020	UBERON:0001388
https://motrpac-data.org	90157015503	https://motrpac-data.org	MoTrPAC			OBI:0002020	UBERON:0001388
https://motrpac-data.org	90145015503	https://motrpac-data.org	MoTrPAC			OBI:0002020	UBERON:0001388
https://motrpac-data.org	90147015503	https://motrpac-data.org	MoTrPAC			OBI:0002020	UBERON:0001388
https://motrpac-data.org	90144015503	https://motrpac-data.org	MoTrPAC			OBI:0002020	UBERON:0001388
https://motrpac-data.org	90110015503	https://motrpac-data.org	MoTrPAC			OBI:0002020	UBERON:0001388
https://motrpac-data.org	90112015503	https://motrpac-data.org	MoTrPAC			OBI:0002020	UBERON:0001388
https://motrpac-data.org	90114015503	https://motrpac-data.org	MoTrPAC			OBI:0002020	UBERON:0001388
https://motrpac-data.org	90156015503	https://motrpac-data.org	MoTrPAC			OBI:0002020	UBERON:0001388
https://motrpac-data.org	90043015503	https://motrpac-data.org	MoTrPAC			OBI:0002020	UBERON:0001388
https://motrpac-data.org	90034015503	https://motrpac-data.org	MoTrPAC			OBI:0002020	UBERON:0001388
https://motrpac-data.org	90033015503	https://motrpac-data.org	MoTrPAC			OBI:0002020	UBERON:0001388
https://motrpac-data.org	90031015503	https://motrpac-data.org	MoTrPAC			OBI:0002020	UBERON:0001388
https://motrpac-data.org	90032015503	https://motrpac-data.org	MoTrPAC			OBI:0002020	UBERON:0001388
https://motrpac-data.org	90118015503	https://motrpac-data.org	MoTrPAC			OBI:0002020	UBERON:0001388
https://motrpac-data.org	90115015503	https://motrpac-data.org	MoTrPAC			OBI:0002020	UBERON:0001388
https://motrpac-data.org	90042015503	https://motrpac-data.org	MoTrPAC			OBI:0002020	UBERON:0001388
https://motrpac-data.org	90160015503	https://motrpac-data.org	MoTrPAC			OBI:0002020	UBERON:0001388
https://motrpac-data.org	90029015503	https://motrpac-data.org	MoTrPAC			OBI:0002020	UBERON:0001388
https://motrpac-data.org	90146015503	https://motrpac-data.org	MoTrPAC			OBI:0002020	UBERON:0001388
https://motrpac-data.org	90007015503	https://motrpac-data.org	MoTrPAC			OBI:0002020	UBERON:0001388
https://motrpac-data.org	90123015503	https://motrpac-data.org	MoTrPAC			OBI:0002020	UBERON:0001388
https://motrpac-data.org	90120015503	https://motrpac-data.org	MoTrPAC			OBI:0002020	UBERON:0001388
https://motrpac-data.org	90117015503	https://motrpac-data.org	MoTrPAC			OBI:0002020	UBERON:0001388
https://motrpac-data.org	90040015503	https://motrpac-data.org	MoTrPAC			OBI:0002020	UBERON:0001388
https://motrpac-data.org	90041015503	https://motrpac-data.org	MoTrPAC			OBI:0002020	UBERON:0001388
https://motrpac-data.org	90028015503	https://motrpac-data.org	MoTrPAC			OBI:0002020	UBERON:0001388
https://motrpac-data.org	90148015503	https://motrpac-data.org	MoTrPAC			OBI:0002020	UBERON:0001388
https://motrpac-data.org	90010015503	https://motrpac-data.org	MoTrPAC			OBI:0002020	UBERON:0001388
https://motrpac-data.org	90127015503	https://motrpac-data.org	MoTrPAC			OBI:0002020	UBERON:0001388
https://motrpac-data.org	90119015503	https://motrpac-data.org	MoTrPAC			OBI:0002020	UBERON:0001388
https://motrpac-data.org	90128015503	https://motrpac-data.org	MoTrPAC			OBI:0002020	UBERON:0001388
https://motrpac-data.org	90159015503	https://motrpac-data.org	MoTrPAC			OBI:0002020	UBERON:0001388
https://motrpac-data.org	90039015503	https://motrpac-data.org	MoTrPAC			OBI:0002020	UBERON:0001388
https://motrpac-data.org	90026015503	https://motrpac-data.org	MoTrPAC			OBI:0002020	UBERON:0001388
https://motrpac-data.org	90150015503	https://motrpac-data.org	MoTrPAC			OBI:0002020	UBERON:0001388
https://motrpac-data.org	90027015503	https://motrpac-data.org	MoTrPAC			OBI:0002020	UBERON:0001388
https://motrpac-data.org	90045015503	https://motrpac-data.org	MoTrPAC			OBI:0002020	UBERON:0001388
https://motrpac-data.org	90122015503	https://motrpac-data.org	MoTrPAC			OBI:0002020	UBERON:0001388
https://motrpac-data.org	90001015503	https://motrpac-data.org	MoTrPAC			OBI:0002020	UBERON:0001388
https://motrpac-data.org	80001995507	https://motrpac-data.org	MoTrPAC			OBI:0002020	UBERON:0001388
https://motrpac-data.org	90143015503	https://motrpac-data.org	MoTrPAC			OBI:0002020	UBERON:0001388
https://motrpac-data.org	90152015503	https://motrpac-data.org	MoTrPAC			OBI:0002020	UBERON:0001388
https://motrpac-data.org	90048015503	https://motrpac-data.org	MoTrPAC			OBI:0002020	UBERON:0001388
https://motrpac-data.org	90155015503	https://motrpac-data.org	MoTrPAC			OBI:0002020	UBERON:0001388
https://motrpac-data.org	90046015503	https://motrpac-data.org	MoTrPAC			OBI:0002020	UBERON:0001388
https://motrpac-data.org	90121015503	https://motrpac-data.org	MoTrPAC			OBI:0002020	UBERON:0001388
https://motrpac-data.org	90005015503	https://motrpac-data.org	MoTrPAC			OBI:0002020	UBERON:0001388
https://motrpac-data.org	90038015503	https://motrpac-data.org	MoTrPAC			OBI:0002020	UBERON:0001388
https://motrpac-data.org	80000885507	https://motrpac-data.org	MoTrPAC			OBI:0002020	UBERON:0001388
https://motrpac-data.org	90025015503	https://motrpac-data.org	MoTrPAC			OBI:0002020	UBERON:0001388
https://motrpac-data.org	90134015503	https://motrpac-data.org	MoTrPAC			OBI:0002020	UBERON:0001388
https://motrpac-data.org	90013015503	https://motrpac-data.org	MoTrPAC			OBI:0002020	UBERON:0001388
https://motrpac-data.org	90014015503	https://motrpac-data.org	MoTrPAC			OBI:0002020	UBERON:0001388
https://motrpac-data.org	90008015503	https://motrpac-data.org	MoTrPAC			OBI:0002020	UBERON:0001388
https://motrpac-data.org	90124015503	https://motrpac-data.org	MoTrPAC			OBI:0002020	UBERON:0001388
https://motrpac-data.org	90142015503	https://motrpac-data.org	MoTrPAC			OBI:0002020	UBERON:0001388
https://motrpac-data.org	90037015503	https://motrpac-data.org	MoTrPAC			OBI:0002020	UBERON:0001388
https://motrpac-data.org	90023015503	https://motrpac-data.org	MoTrPAC			OBI:0002020	UBERON:0001388
https://motrpac-data.org	90136015503	https://motrpac-data.org	MoTrPAC			OBI:0002020	UBERON:0001388
https://motrpac-data.org	90140015503	https://motrpac-data.org	MoTrPAC			OBI:0002020	UBERON:0001388
https://motrpac-data.org	90133015503	https://motrpac-data.org	MoTrPAC			OBI:0002020	UBERON:0001388
https://motrpac-data.org	90129015503	https://motrpac-data.org	MoTrPAC			OBI:0002020	UBERON:0001388
https://motrpac-data.org	90126015503	https://motrpac-data.org	MoTrPAC			OBI:0002020	UBERON:0001388
https://motrpac-data.org	90050015503	https://motrpac-data.org	MoTrPAC			OBI:0002020	UBERON:0001388
https://motrpac-data.org	90047015503	https://motrpac-data.org	MoTrPAC			OBI:0002020	UBERON:0001388
https://motrpac-data.org	90020015503	https://motrpac-data.org	MoTrPAC			OBI:0002020	UBERON:0001388
https://motrpac-data.org	90018015503	https://motrpac-data.org	MoTrPAC			OBI:0002020	UBERON:0001388
https://motrpac-data.org	90138015503	https://motrpac-data.org	MoTrPAC			OBI:0002020	UBERON:0001388
https://motrpac-data.org	90141015503	https://motrpac-data.org	MoTrPAC			OBI:0002020	UBERON:0001388
https://motrpac-data.org	90012015503	https://motrpac-data.org	MoTrPAC			OBI:0002020	UBERON:0001388
https://motrpac-data.org	90009015503	https://motrpac-data.org	MoTrPAC			OBI:0002020	UBERON:0001388
https://motrpac-data.org	90109015503	https://motrpac-data.org	MoTrPAC			OBI:0002020	UBERON:0001388
https://motrpac-data.org	90053015503	https://motrpac-data.org	MoTrPAC			OBI:0002020	UBERON:0001388
https://motrpac-data.org	90052015503	https://motrpac-data.org	MoTrPAC			OBI:0002020	UBERON:0001388
https://motrpac-data.org	90135015503	https://motrpac-data.org	MoTrPAC			OBI:0002020	UBERON:0001388
https://motrpac-data.org	90139015503	https://motrpac-data.org	MoTrPAC			OBI:0002020	UBERON:0001388
https://motrpac-data.org	90017015503	https://motrpac-data.org	MoTrPAC			OBI:0002020	UBERON:0001388
https://motrpac-data.org	90015015503	https://motrpac-data.org	MoTrPAC			OBI:0002020	UBERON:0001388
https://motrpac-data.org	90011015503	https://motrpac-data.org	MoTrPAC			OBI:0002020	UBERON:0001388
https://motrpac-data.org	90141017002	https://motrpac-data.org	MoTrPAC			OBI:0002020	UBERON:0001347
https://motrpac-data.org	90020017002	https://motrpac-data.org	MoTrPAC			OBI:0002020	UBERON:0001347
https://motrpac-data.org	90140017002	https://motrpac-data.org	MoTrPAC			OBI:0002020	UBERON:0001347
https://motrpac-data.org	90023017002	https://motrpac-data.org	MoTrPAC			OBI:0002020	UBERON:0001347
https://motrpac-data.org	90139017002	https://motrpac-data.org	MoTrPAC			OBI:0002020	UBERON:0001347
https://motrpac-data.org	90025017002	https://motrpac-data.org	MoTrPAC			OBI:0002020	UBERON:0001347
https://motrpac-data.org	90138017002	https://motrpac-data.org	MoTrPAC			OBI:0002020	UBERON:0001347
https://motrpac-data.org	90017017002	https://motrpac-data.org	MoTrPAC			OBI:0002020	UBERON:0001347
https://motrpac-data.org	90142017002	https://motrpac-data.org	MoTrPAC			OBI:0002020	UBERON:0001347
https://motrpac-data.org	90027017002	https://motrpac-data.org	MoTrPAC			OBI:0002020	UBERON:0001347
https://motrpac-data.org	90143017002	https://motrpac-data.org	MoTrPAC			OBI:0002020	UBERON:0001347
https://motrpac-data.org	90026017002	https://motrpac-data.org	MoTrPAC			OBI:0002020	UBERON:0001347
https://motrpac-data.org	90136017002	https://motrpac-data.org	MoTrPAC			OBI:0002020	UBERON:0001347
https://motrpac-data.org	90018017002	https://motrpac-data.org	MoTrPAC			OBI:0002020	UBERON:0001347
https://motrpac-data.org	90135017002	https://motrpac-data.org	MoTrPAC			OBI:0002020	UBERON:0001347
https://motrpac-data.org	90015017002	https://motrpac-data.org	MoTrPAC			OBI:0002020	UBERON:0001347
https://motrpac-data.org	90134017002	https://motrpac-data.org	MoTrPAC			OBI:0002020	UBERON:0001347
https://motrpac-data.org	90133017002	https://motrpac-data.org	MoTrPAC			OBI:0002020	UBERON:0001347
https://motrpac-data.org	90013017002	https://motrpac-data.org	MoTrPAC			OBI:0002020	UBERON:0001347
https://motrpac-data.org	90014017002	https://motrpac-data.org	MoTrPAC			OBI:0002020	UBERON:0001347
https://motrpac-data.org	90129017002	https://motrpac-data.org	MoTrPAC			OBI:0002020	UBERON:0001347
https://motrpac-data.org	90012017002	https://motrpac-data.org	MoTrPAC			OBI:0002020	UBERON:0001347
https://motrpac-data.org	90128017002	https://motrpac-data.org	MoTrPAC			OBI:0002020	UBERON:0001347
https://motrpac-data.org	90011017002	https://motrpac-data.org	MoTrPAC			OBI:0002020	UBERON:0001347
https://motrpac-data.org	90127017002	https://motrpac-data.org	MoTrPAC			OBI:0002020	UBERON:0001347
https://motrpac-data.org	90010017002	https://motrpac-data.org	MoTrPAC			OBI:0002020	UBERON:0001347
https://motrpac-data.org	90126017002	https://motrpac-data.org	MoTrPAC			OBI:0002020	UBERON:0001347
https://motrpac-data.org	90009017002	https://motrpac-data.org	MoTrPAC			OBI:0002020	UBERON:0001347
https://motrpac-data.org	90124017002	https://motrpac-data.org	MoTrPAC			OBI:0002020	UBERON:0001347
https://motrpac-data.org	90008017002	https://motrpac-data.org	MoTrPAC			OBI:0002020	UBERON:0001347
https://motrpac-data.org	90007017002	https://motrpac-data.org	MoTrPAC			OBI:0002020	UBERON:0001347
https://motrpac-data.org	90123017002	https://motrpac-data.org	MoTrPAC			OBI:0002020	UBERON:0001347
https://motrpac-data.org	90122017002	https://motrpac-data.org	MoTrPAC			OBI:0002020	UBERON:0001347
https://motrpac-data.org	90005017002	https://motrpac-data.org	MoTrPAC			OBI:0002020	UBERON:0001347
https://motrpac-data.org	90121017002	https://motrpac-data.org	MoTrPAC			OBI:0002020	UBERON:0001347
https://motrpac-data.org	90001017002	https://motrpac-data.org	MoTrPAC			OBI:0002020	UBERON:0001347
https://motrpac-data.org	90120017002	https://motrpac-data.org	MoTrPAC			OBI:0002020	UBERON:0001347
https://motrpac-data.org	90119017002	https://motrpac-data.org	MoTrPAC			OBI:0002020	UBERON:0001347
https://motrpac-data.org	90118017002	https://motrpac-data.org	MoTrPAC			OBI:0002020	UBERON:0001347
https://motrpac-data.org	90115017002	https://motrpac-data.org	MoTrPAC			OBI:0002020	UBERON:0001347
https://motrpac-data.org	90114017002	https://motrpac-data.org	MoTrPAC			OBI:0002020	UBERON:0001347
https://motrpac-data.org	90145017002	https://motrpac-data.org	MoTrPAC			OBI:0002020	UBERON:0001347
https://motrpac-data.org	90144017002	https://motrpac-data.org	MoTrPAC			OBI:0002020	UBERON:0001347
https://motrpac-data.org	90117017002	https://motrpac-data.org	MoTrPAC			OBI:0002020	UBERON:0001347
https://motrpac-data.org	90044017002	https://motrpac-data.org	MoTrPAC			OBI:0002020	UBERON:0001347
https://motrpac-data.org	90112017002	https://motrpac-data.org	MoTrPAC			OBI:0002020	UBERON:0001347
https://motrpac-data.org	90110017002	https://motrpac-data.org	MoTrPAC			OBI:0002020	UBERON:0001347
https://motrpac-data.org	90109017002	https://motrpac-data.org	MoTrPAC			OBI:0002020	UBERON:0001347
https://motrpac-data.org	90159017002	https://motrpac-data.org	MoTrPAC			OBI:0002020	UBERON:0001347
https://motrpac-data.org	90160017002	https://motrpac-data.org	MoTrPAC			OBI:0002020	UBERON:0001347
https://motrpac-data.org	90053017002	https://motrpac-data.org	MoTrPAC			OBI:0002020	UBERON:0001347
https://motrpac-data.org	90052017002	https://motrpac-data.org	MoTrPAC			OBI:0002020	UBERON:0001347
https://motrpac-data.org	90156017002	https://motrpac-data.org	MoTrPAC			OBI:0002020	UBERON:0001347
https://motrpac-data.org	90043017002	https://motrpac-data.org	MoTrPAC			OBI:0002020	UBERON:0001347
https://motrpac-data.org	90041017002	https://motrpac-data.org	MoTrPAC			OBI:0002020	UBERON:0001347
https://motrpac-data.org	90040017002	https://motrpac-data.org	MoTrPAC			OBI:0002020	UBERON:0001347
https://motrpac-data.org	90039017002	https://motrpac-data.org	MoTrPAC			OBI:0002020	UBERON:0001347
https://motrpac-data.org	90037017002	https://motrpac-data.org	MoTrPAC			OBI:0002020	UBERON:0001347
https://motrpac-data.org	90038017002	https://motrpac-data.org	MoTrPAC			OBI:0002020	UBERON:0001347
https://motrpac-data.org	90042017002	https://motrpac-data.org	MoTrPAC			OBI:0002020	UBERON:0001347
https://motrpac-data.org	90033017002	https://motrpac-data.org	MoTrPAC			OBI:0002020	UBERON:0001347
https://motrpac-data.org	90034017002	https://motrpac-data.org	MoTrPAC			OBI:0002020	UBERON:0001347
https://motrpac-data.org	90032017002	https://motrpac-data.org	MoTrPAC			OBI:0002020	UBERON:0001347
https://motrpac-data.org	90031017002	https://motrpac-data.org	MoTrPAC			OBI:0002020	UBERON:0001347
https://motrpac-data.org	90029017002	https://motrpac-data.org	MoTrPAC			OBI:0002020	UBERON:0001347
https://motrpac-data.org	90028017002	https://motrpac-data.org	MoTrPAC			OBI:0002020	UBERON:0001347
https://motrpac-data.org	90152017002	https://motrpac-data.org	MoTrPAC			OBI:0002020	UBERON:0001347
https://motrpac-data.org	90155017002	https://motrpac-data.org	MoTrPAC			OBI:0002020	UBERON:0001347
https://motrpac-data.org	90147017002	https://motrpac-data.org	MoTrPAC			OBI:0002020	UBERON:0001347
https://motrpac-data.org	90046017002	https://motrpac-data.org	MoTrPAC			OBI:0002020	UBERON:0001347
https://motrpac-data.org	90146017002	https://motrpac-data.org	MoTrPAC			OBI:0002020	UBERON:0001347
https://motrpac-data.org	90045017002	https://motrpac-data.org	MoTrPAC			OBI:0002020	UBERON:0001347
https://motrpac-data.org	90150017002	https://motrpac-data.org	MoTrPAC			OBI:0002020	UBERON:0001347
https://motrpac-data.org	90047017002	https://motrpac-data.org	MoTrPAC			OBI:0002020	UBERON:0001347
https://motrpac-data.org	90148017002	https://motrpac-data.org	MoTrPAC			OBI:0002020	UBERON:0001347
https://motrpac-data.org	90048017002	https://motrpac-data.org	MoTrPAC			OBI:0002020	UBERON:0001347
https://motrpac-data.org	90050017002	https://motrpac-data.org	MoTrPAC			OBI:0002020	UBERON:0001347
https://motrpac-data.org	90157017002	https://motrpac-data.org	MoTrPAC			OBI:0002020	UBERON:0001347
https://motrpac-data.org	80004887011	https://motrpac-data.org	MoTrPAC			OBI:0002020	UBERON:0001347
https://motrpac-data.org	80005997011	https://motrpac-data.org	MoTrPAC			OBI:0002020	UBERON:0001347
https://motrpac-data.org	90120016802	https://motrpac-data.org	MoTrPAC			OBI:0002020	UBERON:0002107
https://motrpac-data.org	90119016802	https://motrpac-data.org	MoTrPAC			OBI:0002020	UBERON:0002107
https://motrpac-data.org	90118016802	https://motrpac-data.org	MoTrPAC			OBI:0002020	UBERON:0002107
https://motrpac-data.org	90117016802	https://motrpac-data.org	MoTrPAC			OBI:0002020	UBERON:0002107
https://motrpac-data.org	90110016802	https://motrpac-data.org	MoTrPAC			OBI:0002020	UBERON:0002107
https://motrpac-data.org	90114016802	https://motrpac-data.org	MoTrPAC			OBI:0002020	UBERON:0002107
https://motrpac-data.org	90115016802	https://motrpac-data.org	MoTrPAC			OBI:0002020	UBERON:0002107
https://motrpac-data.org	90112016802	https://motrpac-data.org	MoTrPAC			OBI:0002020	UBERON:0002107
https://motrpac-data.org	80002886806	https://motrpac-data.org	MoTrPAC			OBI:0002020	UBERON:0002107
https://motrpac-data.org	90053016802	https://motrpac-data.org	MoTrPAC			OBI:0002020	UBERON:0002107
https://motrpac-data.org	90109016802	https://motrpac-data.org	MoTrPAC			OBI:0002020	UBERON:0002107
https://motrpac-data.org	80003996806	https://motrpac-data.org	MoTrPAC			OBI:0002020	UBERON:0002107
https://motrpac-data.org	90152016802	https://motrpac-data.org	MoTrPAC			OBI:0002020	UBERON:0002107
https://motrpac-data.org	90050016802	https://motrpac-data.org	MoTrPAC			OBI:0002020	UBERON:0002107
https://motrpac-data.org	90052016802	https://motrpac-data.org	MoTrPAC			OBI:0002020	UBERON:0002107
https://motrpac-data.org	90155016802	https://motrpac-data.org	MoTrPAC			OBI:0002020	UBERON:0002107
https://motrpac-data.org	90047016802	https://motrpac-data.org	MoTrPAC			OBI:0002020	UBERON:0002107
https://motrpac-data.org	90150016802	https://motrpac-data.org	MoTrPAC			OBI:0002020	UBERON:0002107
https://motrpac-data.org	90048016802	https://motrpac-data.org	MoTrPAC			OBI:0002020	UBERON:0002107
https://motrpac-data.org	90148016802	https://motrpac-data.org	MoTrPAC			OBI:0002020	UBERON:0002107
https://motrpac-data.org	90046016802	https://motrpac-data.org	MoTrPAC			OBI:0002020	UBERON:0002107
https://motrpac-data.org	90147016802	https://motrpac-data.org	MoTrPAC			OBI:0002020	UBERON:0002107
https://motrpac-data.org	90146016802	https://motrpac-data.org	MoTrPAC			OBI:0002020	UBERON:0002107
https://motrpac-data.org	90045016802	https://motrpac-data.org	MoTrPAC			OBI:0002020	UBERON:0002107
https://motrpac-data.org	90044016802	https://motrpac-data.org	MoTrPAC			OBI:0002020	UBERON:0002107
https://motrpac-data.org	90145016802	https://motrpac-data.org	MoTrPAC			OBI:0002020	UBERON:0002107
https://motrpac-data.org	90027016802	https://motrpac-data.org	MoTrPAC			OBI:0002020	UBERON:0002107
https://motrpac-data.org	90026016802	https://motrpac-data.org	MoTrPAC			OBI:0002020	UBERON:0002107
https://motrpac-data.org	90028016802	https://motrpac-data.org	MoTrPAC			OBI:0002020	UBERON:0002107
https://motrpac-data.org	90029016802	https://motrpac-data.org	MoTrPAC			OBI:0002020	UBERON:0002107
https://motrpac-data.org	90144016802	https://motrpac-data.org	MoTrPAC			OBI:0002020	UBERON:0002107
https://motrpac-data.org	90043016802	https://motrpac-data.org	MoTrPAC			OBI:0002020	UBERON:0002107
https://motrpac-data.org	90143016802	https://motrpac-data.org	MoTrPAC			OBI:0002020	UBERON:0002107
https://motrpac-data.org	90042016802	https://motrpac-data.org	MoTrPAC			OBI:0002020	UBERON:0002107
https://motrpac-data.org	90031016802	https://motrpac-data.org	MoTrPAC			OBI:0002020	UBERON:0002107
https://motrpac-data.org	90142016802	https://motrpac-data.org	MoTrPAC			OBI:0002020	UBERON:0002107
https://motrpac-data.org	90041016802	https://motrpac-data.org	MoTrPAC			OBI:0002020	UBERON:0002107
https://motrpac-data.org	90040016802	https://motrpac-data.org	MoTrPAC			OBI:0002020	UBERON:0002107
https://motrpac-data.org	90141016802	https://motrpac-data.org	MoTrPAC			OBI:0002020	UBERON:0002107
https://motrpac-data.org	90032016802	https://motrpac-data.org	MoTrPAC			OBI:0002020	UBERON:0002107
https://motrpac-data.org	90033016802	https://motrpac-data.org	MoTrPAC			OBI:0002020	UBERON:0002107
https://motrpac-data.org	90140016802	https://motrpac-data.org	MoTrPAC			OBI:0002020	UBERON:0002107
https://motrpac-data.org	90039016802	https://motrpac-data.org	MoTrPAC			OBI:0002020	UBERON:0002107
https://motrpac-data.org	90038016802	https://motrpac-data.org	MoTrPAC			OBI:0002020	UBERON:0002107
https://motrpac-data.org	90139016802	https://motrpac-data.org	MoTrPAC			OBI:0002020	UBERON:0002107
https://motrpac-data.org	90034016802	https://motrpac-data.org	MoTrPAC			OBI:0002020	UBERON:0002107
https://motrpac-data.org	90138016802	https://motrpac-data.org	MoTrPAC			OBI:0002020	UBERON:0002107
https://motrpac-data.org	90037016802	https://motrpac-data.org	MoTrPAC			OBI:0002020	UBERON:0002107
https://motrpac-data.org	90001016802	https://motrpac-data.org	MoTrPAC			OBI:0002020	UBERON:0002107
https://motrpac-data.org	90122016802	https://motrpac-data.org	MoTrPAC			OBI:0002020	UBERON:0002107
https://motrpac-data.org	90005016802	https://motrpac-data.org	MoTrPAC			OBI:0002020	UBERON:0002107
https://motrpac-data.org	90121016802	https://motrpac-data.org	MoTrPAC			OBI:0002020	UBERON:0002107
https://motrpac-data.org	90007016802	https://motrpac-data.org	MoTrPAC			OBI:0002020	UBERON:0002107
https://motrpac-data.org	90123016802	https://motrpac-data.org	MoTrPAC			OBI:0002020	UBERON:0002107
https://motrpac-data.org	90126016802	https://motrpac-data.org	MoTrPAC			OBI:0002020	UBERON:0002107
https://motrpac-data.org	90008016802	https://motrpac-data.org	MoTrPAC			OBI:0002020	UBERON:0002107
https://motrpac-data.org	90124016802	https://motrpac-data.org	MoTrPAC			OBI:0002020	UBERON:0002107
https://motrpac-data.org	90009016802	https://motrpac-data.org	MoTrPAC			OBI:0002020	UBERON:0002107
https://motrpac-data.org	90128016802	https://motrpac-data.org	MoTrPAC			OBI:0002020	UBERON:0002107
https://motrpac-data.org	90010016802	https://motrpac-data.org	MoTrPAC			OBI:0002020	UBERON:0002107
https://motrpac-data.org	90011016802	https://motrpac-data.org	MoTrPAC			OBI:0002020	UBERON:0002107
https://motrpac-data.org	90127016802	https://motrpac-data.org	MoTrPAC			OBI:0002020	UBERON:0002107
https://motrpac-data.org	90012016802	https://motrpac-data.org	MoTrPAC			OBI:0002020	UBERON:0002107
https://motrpac-data.org	90129016802	https://motrpac-data.org	MoTrPAC			OBI:0002020	UBERON:0002107
https://motrpac-data.org	90134016802	https://motrpac-data.org	MoTrPAC			OBI:0002020	UBERON:0002107
https://motrpac-data.org	90013016802	https://motrpac-data.org	MoTrPAC			OBI:0002020	UBERON:0002107
https://motrpac-data.org	90133016802	https://motrpac-data.org	MoTrPAC			OBI:0002020	UBERON:0002107
https://motrpac-data.org	90014016802	https://motrpac-data.org	MoTrPAC			OBI:0002020	UBERON:0002107
https://motrpac-data.org	90136016802	https://motrpac-data.org	MoTrPAC			OBI:0002020	UBERON:0002107
https://motrpac-data.org	90017016802	https://motrpac-data.org	MoTrPAC			OBI:0002020	UBERON:0002107
https://motrpac-data.org	90015016802	https://motrpac-data.org	MoTrPAC			OBI:0002020	UBERON:0002107
https://motrpac-data.org	90135016802	https://motrpac-data.org	MoTrPAC			OBI:0002020	UBERON:0002107
https://motrpac-data.org	90160016802	https://motrpac-data.org	MoTrPAC			OBI:0002020	UBERON:0002107
https://motrpac-data.org	90018016802	https://motrpac-data.org	MoTrPAC			OBI:0002020	UBERON:0002107
https://motrpac-data.org	90156016802	https://motrpac-data.org	MoTrPAC			OBI:0002020	UBERON:0002107
https://motrpac-data.org	90025016802	https://motrpac-data.org	MoTrPAC			OBI:0002020	UBERON:0002107
https://motrpac-data.org	90159016802	https://motrpac-data.org	MoTrPAC			OBI:0002020	UBERON:0002107
https://motrpac-data.org	90023016802	https://motrpac-data.org	MoTrPAC			OBI:0002020	UBERON:0002107
https://motrpac-data.org	90157016802	https://motrpac-data.org	MoTrPAC			OBI:0002020	UBERON:0002107
https://motrpac-data.org	90020016802	https://motrpac-data.org	MoTrPAC			OBI:0002020	UBERON:0002107
https://motrpac-data.org	90001015804	https://motrpac-data.org	MoTrPAC			OBI:0002020	UBERON:0000948
https://motrpac-data.org	90005015804	https://motrpac-data.org	MoTrPAC			OBI:0002020	UBERON:0000948
https://motrpac-data.org	90012015804	https://motrpac-data.org	MoTrPAC			OBI:0002020	UBERON:0000948
https://motrpac-data.org	90011015804	https://motrpac-data.org	MoTrPAC			OBI:0002020	UBERON:0000948
https://motrpac-data.org	90010015804	https://motrpac-data.org	MoTrPAC			OBI:0002020	UBERON:0000948
https://motrpac-data.org	90152015804	https://motrpac-data.org	MoTrPAC			OBI:0002020	UBERON:0000948
https://motrpac-data.org	90007015804	https://motrpac-data.org	MoTrPAC			OBI:0002020	UBERON:0000948
https://motrpac-data.org	90159015804	https://motrpac-data.org	MoTrPAC			OBI:0002020	UBERON:0000948
https://motrpac-data.org	90008015804	https://motrpac-data.org	MoTrPAC			OBI:0002020	UBERON:0000948
https://motrpac-data.org	90147015804	https://motrpac-data.org	MoTrPAC			OBI:0002020	UBERON:0000948
https://motrpac-data.org	90009015804	https://motrpac-data.org	MoTrPAC			OBI:0002020	UBERON:0000948
https://motrpac-data.org	90133015804	https://motrpac-data.org	MoTrPAC			OBI:0002020	UBERON:0000948
https://motrpac-data.org	90142015804	https://motrpac-data.org	MoTrPAC			OBI:0002020	UBERON:0000948
https://motrpac-data.org	90013015804	https://motrpac-data.org	MoTrPAC			OBI:0002020	UBERON:0000948
https://motrpac-data.org	90143015804	https://motrpac-data.org	MoTrPAC			OBI:0002020	UBERON:0000948
https://motrpac-data.org	90015015804	https://motrpac-data.org	MoTrPAC			OBI:0002020	UBERON:0000948
https://motrpac-data.org	90014015804	https://motrpac-data.org	MoTrPAC			OBI:0002020	UBERON:0000948
https://motrpac-data.org	90129015804	https://motrpac-data.org	MoTrPAC			OBI:0002020	UBERON:0000948
https://motrpac-data.org	90134015804	https://motrpac-data.org	MoTrPAC			OBI:0002020	UBERON:0000948
https://motrpac-data.org	90135015804	https://motrpac-data.org	MoTrPAC			OBI:0002020	UBERON:0000948
https://motrpac-data.org	90127015804	https://motrpac-data.org	MoTrPAC			OBI:0002020	UBERON:0000948
https://motrpac-data.org	90136015804	https://motrpac-data.org	MoTrPAC			OBI:0002020	UBERON:0000948
https://motrpac-data.org	90126015804	https://motrpac-data.org	MoTrPAC			OBI:0002020	UBERON:0000948
https://motrpac-data.org	90122015804	https://motrpac-data.org	MoTrPAC			OBI:0002020	UBERON:0000948
https://motrpac-data.org	90119015804	https://motrpac-data.org	MoTrPAC			OBI:0002020	UBERON:0000948
https://motrpac-data.org	90121015804	https://motrpac-data.org	MoTrPAC			OBI:0002020	UBERON:0000948
https://motrpac-data.org	90139015804	https://motrpac-data.org	MoTrPAC			OBI:0002020	UBERON:0000948
https://motrpac-data.org	90138015804	https://motrpac-data.org	MoTrPAC			OBI:0002020	UBERON:0000948
https://motrpac-data.org	90112015804	https://motrpac-data.org	MoTrPAC			OBI:0002020	UBERON:0000948
https://motrpac-data.org	90110015804	https://motrpac-data.org	MoTrPAC			OBI:0002020	UBERON:0000948
https://motrpac-data.org	90140015804	https://motrpac-data.org	MoTrPAC			OBI:0002020	UBERON:0000948
https://motrpac-data.org	90141015804	https://motrpac-data.org	MoTrPAC			OBI:0002020	UBERON:0000948
https://motrpac-data.org	80032885805	https://motrpac-data.org	MoTrPAC			OBI:0002020	UBERON:0000948
https://motrpac-data.org	90018015804	https://motrpac-data.org	MoTrPAC			OBI:0002020	UBERON:0000948
https://motrpac-data.org	90017015804	https://motrpac-data.org	MoTrPAC			OBI:0002020	UBERON:0000948
https://motrpac-data.org	90020015804	https://motrpac-data.org	MoTrPAC			OBI:0002020	UBERON:0000948
https://motrpac-data.org	90160015804	https://motrpac-data.org	MoTrPAC			OBI:0002020	UBERON:0000948
https://motrpac-data.org	90025015804	https://motrpac-data.org	MoTrPAC			OBI:0002020	UBERON:0000948
https://motrpac-data.org	90150015804	https://motrpac-data.org	MoTrPAC			OBI:0002020	UBERON:0000948
https://motrpac-data.org	90128015804	https://motrpac-data.org	MoTrPAC			OBI:0002020	UBERON:0000948
https://motrpac-data.org	90146015804	https://motrpac-data.org	MoTrPAC			OBI:0002020	UBERON:0000948
https://motrpac-data.org	90031015804	https://motrpac-data.org	MoTrPAC			OBI:0002020	UBERON:0000948
https://motrpac-data.org	90027015804	https://motrpac-data.org	MoTrPAC			OBI:0002020	UBERON:0000948
https://motrpac-data.org	90157015804	https://motrpac-data.org	MoTrPAC			OBI:0002020	UBERON:0000948
https://motrpac-data.org	90144015804	https://motrpac-data.org	MoTrPAC			OBI:0002020	UBERON:0000948
https://motrpac-data.org	90023015804	https://motrpac-data.org	MoTrPAC			OBI:0002020	UBERON:0000948
https://motrpac-data.org	80033995805	https://motrpac-data.org	MoTrPAC			OBI:0002020	UBERON:0000948
https://motrpac-data.org	90148015804	https://motrpac-data.org	MoTrPAC			OBI:0002020	UBERON:0000948
https://motrpac-data.org	90040015804	https://motrpac-data.org	MoTrPAC			OBI:0002020	UBERON:0000948
https://motrpac-data.org	90039015804	https://motrpac-data.org	MoTrPAC			OBI:0002020	UBERON:0000948
https://motrpac-data.org	90028015804	https://motrpac-data.org	MoTrPAC			OBI:0002020	UBERON:0000948
https://motrpac-data.org	90029015804	https://motrpac-data.org	MoTrPAC			OBI:0002020	UBERON:0000948
https://motrpac-data.org	90026015804	https://motrpac-data.org	MoTrPAC			OBI:0002020	UBERON:0000948
https://motrpac-data.org	90032015804	https://motrpac-data.org	MoTrPAC			OBI:0002020	UBERON:0000948
https://motrpac-data.org	90033015804	https://motrpac-data.org	MoTrPAC			OBI:0002020	UBERON:0000948
https://motrpac-data.org	90034015804	https://motrpac-data.org	MoTrPAC			OBI:0002020	UBERON:0000948
https://motrpac-data.org	90114015804	https://motrpac-data.org	MoTrPAC			OBI:0002020	UBERON:0000948
https://motrpac-data.org	90118015804	https://motrpac-data.org	MoTrPAC			OBI:0002020	UBERON:0000948
https://motrpac-data.org	90041015804	https://motrpac-data.org	MoTrPAC			OBI:0002020	UBERON:0000948
https://motrpac-data.org	90115015804	https://motrpac-data.org	MoTrPAC			OBI:0002020	UBERON:0000948
https://motrpac-data.org	90047015804	https://motrpac-data.org	MoTrPAC			OBI:0002020	UBERON:0000948
https://motrpac-data.org	90117015804	https://motrpac-data.org	MoTrPAC			OBI:0002020	UBERON:0000948
https://motrpac-data.org	90037015804	https://motrpac-data.org	MoTrPAC			OBI:0002020	UBERON:0000948
https://motrpac-data.org	90038015804	https://motrpac-data.org	MoTrPAC			OBI:0002020	UBERON:0000948
https://motrpac-data.org	90042015804	https://motrpac-data.org	MoTrPAC			OBI:0002020	UBERON:0000948
https://motrpac-data.org	90123015804	https://motrpac-data.org	MoTrPAC			OBI:0002020	UBERON:0000948
https://motrpac-data.org	90043015804	https://motrpac-data.org	MoTrPAC			OBI:0002020	UBERON:0000948
https://motrpac-data.org	90124015804	https://motrpac-data.org	MoTrPAC			OBI:0002020	UBERON:0000948
https://motrpac-data.org	90044015804	https://motrpac-data.org	MoTrPAC			OBI:0002020	UBERON:0000948
https://motrpac-data.org	90120015804	https://motrpac-data.org	MoTrPAC			OBI:0002020	UBERON:0000948
https://motrpac-data.org	90045015804	https://motrpac-data.org	MoTrPAC			OBI:0002020	UBERON:0000948
https://motrpac-data.org	90046015804	https://motrpac-data.org	MoTrPAC			OBI:0002020	UBERON:0000948
https://motrpac-data.org	90053015804	https://motrpac-data.org	MoTrPAC			OBI:0002020	UBERON:0000948
https://motrpac-data.org	90109015804	https://motrpac-data.org	MoTrPAC			OBI:0002020	UBERON:0000948
https://motrpac-data.org	90155015804	https://motrpac-data.org	MoTrPAC			OBI:0002020	UBERON:0000948
https://motrpac-data.org	90052015804	https://motrpac-data.org	MoTrPAC			OBI:0002020	UBERON:0000948
https://motrpac-data.org	90156015804	https://motrpac-data.org	MoTrPAC			OBI:0002020	UBERON:0000948
https://motrpac-data.org	90145015804	https://motrpac-data.org	MoTrPAC			OBI:0002020	UBERON:0000948
https://motrpac-data.org	90050015804	https://motrpac-data.org	MoTrPAC			OBI:0002020	UBERON:0000948
https://motrpac-data.org	90048015804	https://motrpac-data.org	MoTrPAC			OBI:0002020	UBERON:0000948
https://motrpac-data.org	90110015502	https://motrpac-data.org	MoTrPAC			transcriptomics	UBERON:0001388
https://motrpac-data.org	90026015505	https://motrpac-data.org	MoTrPAC			transcriptomics	UBERON:0001388
https://motrpac-data.org	90023015505	https://motrpac-data.org	MoTrPAC			transcriptomics	UBERON:0001388
https://motrpac-data.org	90012015505	https://motrpac-data.org	MoTrPAC			transcriptomics	UBERON:0001388
https://motrpac-data.org	80000885526	https://motrpac-data.org	MoTrPAC			transcriptomics	UBERON:0001388
https://motrpac-data.org	90123015505	https://motrpac-data.org	MoTrPAC			transcriptomics	UBERON:0001388
https://motrpac-data.org	90141015505	https://motrpac-data.org	MoTrPAC			transcriptomics	UBERON:0001388
https://motrpac-data.org	90005015505	https://motrpac-data.org	MoTrPAC			transcriptomics	UBERON:0001388
https://motrpac-data.org	90017015505	https://motrpac-data.org	MoTrPAC			transcriptomics	UBERON:0001388
https://motrpac-data.org	90115015505	https://motrpac-data.org	MoTrPAC			transcriptomics	UBERON:0001388
https://motrpac-data.org	90139015505	https://motrpac-data.org	MoTrPAC			transcriptomics	UBERON:0001388
https://motrpac-data.org	90044015505	https://motrpac-data.org	MoTrPAC			transcriptomics	UBERON:0001388
https://motrpac-data.org	90128015505	https://motrpac-data.org	MoTrPAC			transcriptomics	UBERON:0001388
https://motrpac-data.org	90126015505	https://motrpac-data.org	MoTrPAC			transcriptomics	UBERON:0001388
https://motrpac-data.org	90028015505	https://motrpac-data.org	MoTrPAC			transcriptomics	UBERON:0001388
https://motrpac-data.org	90007015505	https://motrpac-data.org	MoTrPAC			transcriptomics	UBERON:0001388
https://motrpac-data.org	90047015505	https://motrpac-data.org	MoTrPAC			transcriptomics	UBERON:0001388
https://motrpac-data.org	90148015505	https://motrpac-data.org	MoTrPAC			transcriptomics	UBERON:0001388
https://motrpac-data.org	90039015505	https://motrpac-data.org	MoTrPAC			transcriptomics	UBERON:0001388
https://motrpac-data.org	90043015505	https://motrpac-data.org	MoTrPAC			transcriptomics	UBERON:0001388
https://motrpac-data.org	90048015505	https://motrpac-data.org	MoTrPAC			transcriptomics	UBERON:0001388
https://motrpac-data.org	90034015505	https://motrpac-data.org	MoTrPAC			transcriptomics	UBERON:0001388
https://motrpac-data.org	90110015505	https://motrpac-data.org	MoTrPAC			transcriptomics	UBERON:0001388
https://motrpac-data.org	90142015505	https://motrpac-data.org	MoTrPAC			transcriptomics	UBERON:0001388
https://motrpac-data.org	90150015505	https://motrpac-data.org	MoTrPAC			transcriptomics	UBERON:0001388
https://motrpac-data.org	90041015505	https://motrpac-data.org	MoTrPAC			transcriptomics	UBERON:0001388
https://motrpac-data.org	90159015505	https://motrpac-data.org	MoTrPAC			transcriptomics	UBERON:0001388
https://motrpac-data.org	90052015505	https://motrpac-data.org	MoTrPAC			transcriptomics	UBERON:0001388
https://motrpac-data.org	90114015505	https://motrpac-data.org	MoTrPAC			transcriptomics	UBERON:0001388
https://motrpac-data.org	90160015505	https://motrpac-data.org	MoTrPAC			transcriptomics	UBERON:0001388
https://motrpac-data.org	90145015505	https://motrpac-data.org	MoTrPAC			transcriptomics	UBERON:0001388
https://motrpac-data.org	90050015505	https://motrpac-data.org	MoTrPAC			transcriptomics	UBERON:0001388
https://motrpac-data.org	90146015505	https://motrpac-data.org	MoTrPAC			transcriptomics	UBERON:0001388
https://motrpac-data.org	90129015505	https://motrpac-data.org	MoTrPAC			transcriptomics	UBERON:0001388
https://motrpac-data.org	90119015505	https://motrpac-data.org	MoTrPAC			transcriptomics	UBERON:0001388
https://motrpac-data.org	90033015505	https://motrpac-data.org	MoTrPAC			transcriptomics	UBERON:0001388
https://motrpac-data.org	90046015505	https://motrpac-data.org	MoTrPAC			transcriptomics	UBERON:0001388
https://motrpac-data.org	90040015505	https://motrpac-data.org	MoTrPAC			transcriptomics	UBERON:0001388
https://motrpac-data.org	90020015505	https://motrpac-data.org	MoTrPAC			transcriptomics	UBERON:0001388
https://motrpac-data.org	90112015505	https://motrpac-data.org	MoTrPAC			transcriptomics	UBERON:0001388
https://motrpac-data.org	90045015505	https://motrpac-data.org	MoTrPAC			transcriptomics	UBERON:0001388
https://motrpac-data.org	90027015505	https://motrpac-data.org	MoTrPAC			transcriptomics	UBERON:0001388
https://motrpac-data.org	90013015505	https://motrpac-data.org	MoTrPAC			transcriptomics	UBERON:0001388
https://motrpac-data.org	90155015505	https://motrpac-data.org	MoTrPAC			transcriptomics	UBERON:0001388
https://motrpac-data.org	90018015505	https://motrpac-data.org	MoTrPAC			transcriptomics	UBERON:0001388
https://motrpac-data.org	90014015505	https://motrpac-data.org	MoTrPAC			transcriptomics	UBERON:0001388
https://motrpac-data.org	90133015505	https://motrpac-data.org	MoTrPAC			transcriptomics	UBERON:0001388
https://motrpac-data.org	90011015505	https://motrpac-data.org	MoTrPAC			transcriptomics	UBERON:0001388
https://motrpac-data.org	90140015505	https://motrpac-data.org	MoTrPAC			transcriptomics	UBERON:0001388
https://motrpac-data.org	90038015505	https://motrpac-data.org	MoTrPAC			transcriptomics	UBERON:0001388
https://motrpac-data.org	90122015505	https://motrpac-data.org	MoTrPAC			transcriptomics	UBERON:0001388
https://motrpac-data.org	90025015505	https://motrpac-data.org	MoTrPAC			transcriptomics	UBERON:0001388
https://motrpac-data.org	90118015505	https://motrpac-data.org	MoTrPAC			transcriptomics	UBERON:0001388
https://motrpac-data.org	90009015505	https://motrpac-data.org	MoTrPAC			transcriptomics	UBERON:0001388
https://motrpac-data.org	90042015505	https://motrpac-data.org	MoTrPAC			transcriptomics	UBERON:0001388
https://motrpac-data.org	80001995526	https://motrpac-data.org	MoTrPAC			transcriptomics	UBERON:0001388
https://motrpac-data.org	90008015505	https://motrpac-data.org	MoTrPAC			transcriptomics	UBERON:0001388
https://motrpac-data.org	90001015505	https://motrpac-data.org	MoTrPAC			transcriptomics	UBERON:0001388
https://motrpac-data.org	90029015505	https://motrpac-data.org	MoTrPAC			transcriptomics	UBERON:0001388
https://motrpac-data.org	90015015505	https://motrpac-data.org	MoTrPAC			transcriptomics	UBERON:0001388
https://motrpac-data.org	90127015505	https://motrpac-data.org	MoTrPAC			transcriptomics	UBERON:0001388
https://motrpac-data.org	90143015505	https://motrpac-data.org	MoTrPAC			transcriptomics	UBERON:0001388
https://motrpac-data.org	90124015505	https://motrpac-data.org	MoTrPAC			transcriptomics	UBERON:0001388
https://motrpac-data.org	90120015505	https://motrpac-data.org	MoTrPAC			transcriptomics	UBERON:0001388
https://motrpac-data.org	90032015505	https://motrpac-data.org	MoTrPAC			transcriptomics	UBERON:0001388
https://motrpac-data.org	90138015505	https://motrpac-data.org	MoTrPAC			transcriptomics	UBERON:0001388
https://motrpac-data.org	90144015505	https://motrpac-data.org	MoTrPAC			transcriptomics	UBERON:0001388
https://motrpac-data.org	90010015505	https://motrpac-data.org	MoTrPAC			transcriptomics	UBERON:0001388
https://motrpac-data.org	90152015505	https://motrpac-data.org	MoTrPAC			transcriptomics	UBERON:0001388
https://motrpac-data.org	90134015505	https://motrpac-data.org	MoTrPAC			transcriptomics	UBERON:0001388
https://motrpac-data.org	90147015505	https://motrpac-data.org	MoTrPAC			transcriptomics	UBERON:0001388
https://motrpac-data.org	90109015505	https://motrpac-data.org	MoTrPAC			transcriptomics	UBERON:0001388
https://motrpac-data.org	90121015505	https://motrpac-data.org	MoTrPAC			transcriptomics	UBERON:0001388
https://motrpac-data.org	90037015505	https://motrpac-data.org	MoTrPAC			transcriptomics	UBERON:0001388
https://motrpac-data.org	90117015505	https://motrpac-data.org	MoTrPAC			transcriptomics	UBERON:0001388
https://motrpac-data.org	90135015505	https://motrpac-data.org	MoTrPAC			transcriptomics	UBERON:0001388
https://motrpac-data.org	90157015505	https://motrpac-data.org	MoTrPAC			transcriptomics	UBERON:0001388
https://motrpac-data.org	90031015505	https://motrpac-data.org	MoTrPAC			transcriptomics	UBERON:0001388
https://motrpac-data.org	90053015505	https://motrpac-data.org	MoTrPAC			transcriptomics	UBERON:0001388
https://motrpac-data.org	90156015505	https://motrpac-data.org	MoTrPAC			transcriptomics	UBERON:0001388
https://motrpac-data.org	90136015505	https://motrpac-data.org	MoTrPAC			transcriptomics	UBERON:0001388
https://motrpac-data.org	90139015502	https://motrpac-data.org	MoTrPAC			transcriptomics	UBERON:0001388
https://motrpac-data.org	90147015502	https://motrpac-data.org	MoTrPAC			transcriptomics	UBERON:0001388
https://motrpac-data.org	90040015502	https://motrpac-data.org	MoTrPAC			transcriptomics	UBERON:0001388
https://motrpac-data.org	90041015502	https://motrpac-data.org	MoTrPAC			transcriptomics	UBERON:0001388
https://motrpac-data.org	90146015502	https://motrpac-data.org	MoTrPAC			transcriptomics	UBERON:0001388
https://motrpac-data.org	80001995506	https://motrpac-data.org	MoTrPAC			transcriptomics	UBERON:0001388
https://motrpac-data.org	90152015502	https://motrpac-data.org	MoTrPAC			transcriptomics	UBERON:0001388
https://motrpac-data.org	90045015502	https://motrpac-data.org	MoTrPAC			transcriptomics	UBERON:0001388
https://motrpac-data.org	90017015502	https://motrpac-data.org	MoTrPAC			transcriptomics	UBERON:0001388
https://motrpac-data.org	90109015502	https://motrpac-data.org	MoTrPAC			transcriptomics	UBERON:0001388
https://motrpac-data.org	90155015502	https://motrpac-data.org	MoTrPAC			transcriptomics	UBERON:0001388
https://motrpac-data.org	90047015502	https://motrpac-data.org	MoTrPAC			transcriptomics	UBERON:0001388
https://motrpac-data.org	90156015502	https://motrpac-data.org	MoTrPAC			transcriptomics	UBERON:0001388
https://motrpac-data.org	90048015502	https://motrpac-data.org	MoTrPAC			transcriptomics	UBERON:0001388
https://motrpac-data.org	90157015502	https://motrpac-data.org	MoTrPAC			transcriptomics	UBERON:0001388
https://motrpac-data.org	90050015502	https://motrpac-data.org	MoTrPAC			transcriptomics	UBERON:0001388
https://motrpac-data.org	90159015502	https://motrpac-data.org	MoTrPAC			transcriptomics	UBERON:0001388
https://motrpac-data.org	90046015502	https://motrpac-data.org	MoTrPAC			transcriptomics	UBERON:0001388
https://motrpac-data.org	90042015502	https://motrpac-data.org	MoTrPAC			transcriptomics	UBERON:0001388
https://motrpac-data.org	90039015502	https://motrpac-data.org	MoTrPAC			transcriptomics	UBERON:0001388
https://motrpac-data.org	90148015502	https://motrpac-data.org	MoTrPAC			transcriptomics	UBERON:0001388
https://motrpac-data.org	90112015502	https://motrpac-data.org	MoTrPAC			transcriptomics	UBERON:0001388
https://motrpac-data.org	90114015502	https://motrpac-data.org	MoTrPAC			transcriptomics	UBERON:0001388
https://motrpac-data.org	90115015502	https://motrpac-data.org	MoTrPAC			transcriptomics	UBERON:0001388
https://motrpac-data.org	90034015502	https://motrpac-data.org	MoTrPAC			transcriptomics	UBERON:0001388
https://motrpac-data.org	90044015502	https://motrpac-data.org	MoTrPAC			transcriptomics	UBERON:0001388
https://motrpac-data.org	90143015502	https://motrpac-data.org	MoTrPAC			transcriptomics	UBERON:0001388
https://motrpac-data.org	90033015502	https://motrpac-data.org	MoTrPAC			transcriptomics	UBERON:0001388
https://motrpac-data.org	90043015502	https://motrpac-data.org	MoTrPAC			transcriptomics	UBERON:0001388
https://motrpac-data.org	90038015502	https://motrpac-data.org	MoTrPAC			transcriptomics	UBERON:0001388
https://motrpac-data.org	90142015502	https://motrpac-data.org	MoTrPAC			transcriptomics	UBERON:0001388
https://motrpac-data.org	90037015502	https://motrpac-data.org	MoTrPAC			transcriptomics	UBERON:0001388
https://motrpac-data.org	90028015502	https://motrpac-data.org	MoTrPAC			transcriptomics	UBERON:0001388
https://motrpac-data.org	90027015502	https://motrpac-data.org	MoTrPAC			transcriptomics	UBERON:0001388
https://motrpac-data.org	90032015502	https://motrpac-data.org	MoTrPAC			transcriptomics	UBERON:0001388
https://motrpac-data.org	90031015502	https://motrpac-data.org	MoTrPAC			transcriptomics	UBERON:0001388
https://motrpac-data.org	90150015502	https://motrpac-data.org	MoTrPAC			transcriptomics	UBERON:0001388
https://motrpac-data.org	90144015502	https://motrpac-data.org	MoTrPAC			transcriptomics	UBERON:0001388
https://motrpac-data.org	90052015502	https://motrpac-data.org	MoTrPAC			transcriptomics	UBERON:0001388
https://motrpac-data.org	80000885506	https://motrpac-data.org	MoTrPAC			transcriptomics	UBERON:0001388
https://motrpac-data.org	90145015502	https://motrpac-data.org	MoTrPAC			transcriptomics	UBERON:0001388
https://motrpac-data.org	90014015502	https://motrpac-data.org	MoTrPAC			transcriptomics	UBERON:0001388
https://motrpac-data.org	90124015502	https://motrpac-data.org	MoTrPAC			transcriptomics	UBERON:0001388
https://motrpac-data.org	90007015502	https://motrpac-data.org	MoTrPAC			transcriptomics	UBERON:0001388
https://motrpac-data.org	90128015502	https://motrpac-data.org	MoTrPAC			transcriptomics	UBERON:0001388
https://motrpac-data.org	90011015502	https://motrpac-data.org	MoTrPAC			transcriptomics	UBERON:0001388
https://motrpac-data.org	90009015502	https://motrpac-data.org	MoTrPAC			transcriptomics	UBERON:0001388
https://motrpac-data.org	90012015502	https://motrpac-data.org	MoTrPAC			transcriptomics	UBERON:0001388
https://motrpac-data.org	90126015502	https://motrpac-data.org	MoTrPAC			transcriptomics	UBERON:0001388
https://motrpac-data.org	90026015502	https://motrpac-data.org	MoTrPAC			transcriptomics	UBERON:0001388
https://motrpac-data.org	90127015502	https://motrpac-data.org	MoTrPAC			transcriptomics	UBERON:0001388
https://motrpac-data.org	90133015502	https://motrpac-data.org	MoTrPAC			transcriptomics	UBERON:0001388
https://motrpac-data.org	90015015502	https://motrpac-data.org	MoTrPAC			transcriptomics	UBERON:0001388
https://motrpac-data.org	90134015502	https://motrpac-data.org	MoTrPAC			transcriptomics	UBERON:0001388
https://motrpac-data.org	90013015502	https://motrpac-data.org	MoTrPAC			transcriptomics	UBERON:0001388
https://motrpac-data.org	90138015502	https://motrpac-data.org	MoTrPAC			transcriptomics	UBERON:0001388
https://motrpac-data.org	90018015502	https://motrpac-data.org	MoTrPAC			transcriptomics	UBERON:0001388
https://motrpac-data.org	90140015502	https://motrpac-data.org	MoTrPAC			transcriptomics	UBERON:0001388
https://motrpac-data.org	90010015502	https://motrpac-data.org	MoTrPAC			transcriptomics	UBERON:0001388
https://motrpac-data.org	90025015502	https://motrpac-data.org	MoTrPAC			transcriptomics	UBERON:0001388
https://motrpac-data.org	90129015502	https://motrpac-data.org	MoTrPAC			transcriptomics	UBERON:0001388
https://motrpac-data.org	90136015502	https://motrpac-data.org	MoTrPAC			transcriptomics	UBERON:0001388
https://motrpac-data.org	90023015502	https://motrpac-data.org	MoTrPAC			transcriptomics	UBERON:0001388
https://motrpac-data.org	90120015502	https://motrpac-data.org	MoTrPAC			transcriptomics	UBERON:0001388
https://motrpac-data.org	90141015502	https://motrpac-data.org	MoTrPAC			transcriptomics	UBERON:0001388
https://motrpac-data.org	90029015502	https://motrpac-data.org	MoTrPAC			transcriptomics	UBERON:0001388
https://motrpac-data.org	90020015502	https://motrpac-data.org	MoTrPAC			transcriptomics	UBERON:0001388
https://motrpac-data.org	90135015502	https://motrpac-data.org	MoTrPAC			transcriptomics	UBERON:0001388
https://motrpac-data.org	90160015502	https://motrpac-data.org	MoTrPAC			transcriptomics	UBERON:0001388
https://motrpac-data.org	90121015502	https://motrpac-data.org	MoTrPAC			transcriptomics	UBERON:0001388
https://motrpac-data.org	90053015502	https://motrpac-data.org	MoTrPAC			transcriptomics	UBERON:0001388
https://motrpac-data.org	90001015502	https://motrpac-data.org	MoTrPAC			transcriptomics	UBERON:0001388
https://motrpac-data.org	90122015502	https://motrpac-data.org	MoTrPAC			transcriptomics	UBERON:0001388
https://motrpac-data.org	90008015502	https://motrpac-data.org	MoTrPAC			transcriptomics	UBERON:0001388
https://motrpac-data.org	90123015502	https://motrpac-data.org	MoTrPAC			transcriptomics	UBERON:0001388
https://motrpac-data.org	90119015502	https://motrpac-data.org	MoTrPAC			transcriptomics	UBERON:0001388
https://motrpac-data.org	90117015502	https://motrpac-data.org	MoTrPAC			transcriptomics	UBERON:0001388
https://motrpac-data.org	90118015502	https://motrpac-data.org	MoTrPAC			transcriptomics	UBERON:0001388
https://motrpac-data.org	90005015502	https://motrpac-data.org	MoTrPAC			transcriptomics	UBERON:0001388
https://motrpac-data.org	90110015802	https://motrpac-data.org	MoTrPAC			transcriptomics	UBERON:0000948
https://motrpac-data.org	90117015802	https://motrpac-data.org	MoTrPAC			transcriptomics	UBERON:0000948
https://motrpac-data.org	90112015802	https://motrpac-data.org	MoTrPAC			transcriptomics	UBERON:0000948
https://motrpac-data.org	90013015802	https://motrpac-data.org	MoTrPAC			transcriptomics	UBERON:0000948
https://motrpac-data.org	90014015802	https://motrpac-data.org	MoTrPAC			transcriptomics	UBERON:0000948
https://motrpac-data.org	90114015802	https://motrpac-data.org	MoTrPAC			transcriptomics	UBERON:0000948
https://motrpac-data.org	90115015802	https://motrpac-data.org	MoTrPAC			transcriptomics	UBERON:0000948
https://motrpac-data.org	90118015802	https://motrpac-data.org	MoTrPAC			transcriptomics	UBERON:0000948
https://motrpac-data.org	90129015802	https://motrpac-data.org	MoTrPAC			transcriptomics	UBERON:0000948
https://motrpac-data.org	90119015802	https://motrpac-data.org	MoTrPAC			transcriptomics	UBERON:0000948
https://motrpac-data.org	90141015802	https://motrpac-data.org	MoTrPAC			transcriptomics	UBERON:0000948
https://motrpac-data.org	90140015802	https://motrpac-data.org	MoTrPAC			transcriptomics	UBERON:0000948
https://motrpac-data.org	90139015802	https://motrpac-data.org	MoTrPAC			transcriptomics	UBERON:0000948
https://motrpac-data.org	90008015802	https://motrpac-data.org	MoTrPAC			transcriptomics	UBERON:0000948
https://motrpac-data.org	90009015802	https://motrpac-data.org	MoTrPAC			transcriptomics	UBERON:0000948
https://motrpac-data.org	90109015802	https://motrpac-data.org	MoTrPAC			transcriptomics	UBERON:0000948
https://motrpac-data.org	90120015802	https://motrpac-data.org	MoTrPAC			transcriptomics	UBERON:0000948
https://motrpac-data.org	90053015802	https://motrpac-data.org	MoTrPAC			transcriptomics	UBERON:0000948
https://motrpac-data.org	80032885804	https://motrpac-data.org	MoTrPAC			transcriptomics	UBERON:0000948
https://motrpac-data.org	90152015802	https://motrpac-data.org	MoTrPAC			transcriptomics	UBERON:0000948
https://motrpac-data.org	90127015802	https://motrpac-data.org	MoTrPAC			transcriptomics	UBERON:0000948
https://motrpac-data.org	90143015802	https://motrpac-data.org	MoTrPAC			transcriptomics	UBERON:0000948
https://motrpac-data.org	90142015802	https://motrpac-data.org	MoTrPAC			transcriptomics	UBERON:0000948
https://motrpac-data.org	90045015802	https://motrpac-data.org	MoTrPAC			transcriptomics	UBERON:0000948
https://motrpac-data.org	90159015802	https://motrpac-data.org	MoTrPAC			transcriptomics	UBERON:0000948
https://motrpac-data.org	90048015802	https://motrpac-data.org	MoTrPAC			transcriptomics	UBERON:0000948
https://motrpac-data.org	90050015802	https://motrpac-data.org	MoTrPAC			transcriptomics	UBERON:0000948
https://motrpac-data.org	90015015802	https://motrpac-data.org	MoTrPAC			transcriptomics	UBERON:0000948
https://motrpac-data.org	90123015802	https://motrpac-data.org	MoTrPAC			transcriptomics	UBERON:0000948
https://motrpac-data.org	90160015802	https://motrpac-data.org	MoTrPAC			transcriptomics	UBERON:0000948
https://motrpac-data.org	90046015802	https://motrpac-data.org	MoTrPAC			transcriptomics	UBERON:0000948
https://motrpac-data.org	90047015802	https://motrpac-data.org	MoTrPAC			transcriptomics	UBERON:0000948
https://motrpac-data.org	90156015802	https://motrpac-data.org	MoTrPAC			transcriptomics	UBERON:0000948
https://motrpac-data.org	90157015802	https://motrpac-data.org	MoTrPAC			transcriptomics	UBERON:0000948
https://motrpac-data.org	90155015802	https://motrpac-data.org	MoTrPAC			transcriptomics	UBERON:0000948
https://motrpac-data.org	90017015802	https://motrpac-data.org	MoTrPAC			transcriptomics	UBERON:0000948
https://motrpac-data.org	90138015802	https://motrpac-data.org	MoTrPAC			transcriptomics	UBERON:0000948
https://motrpac-data.org	90052015802	https://motrpac-data.org	MoTrPAC			transcriptomics	UBERON:0000948
https://motrpac-data.org	90126015802	https://motrpac-data.org	MoTrPAC			transcriptomics	UBERON:0000948
https://motrpac-data.org	80033995804	https://motrpac-data.org	MoTrPAC			transcriptomics	UBERON:0000948
https://motrpac-data.org	90136015802	https://motrpac-data.org	MoTrPAC			transcriptomics	UBERON:0000948
https://motrpac-data.org	90007015802	https://motrpac-data.org	MoTrPAC			transcriptomics	UBERON:0000948
https://motrpac-data.org	90037015802	https://motrpac-data.org	MoTrPAC			transcriptomics	UBERON:0000948
https://motrpac-data.org	90150015802	https://motrpac-data.org	MoTrPAC			transcriptomics	UBERON:0000948
https://motrpac-data.org	90038015802	https://motrpac-data.org	MoTrPAC			transcriptomics	UBERON:0000948
https://motrpac-data.org	90148015802	https://motrpac-data.org	MoTrPAC			transcriptomics	UBERON:0000948
https://motrpac-data.org	90039015802	https://motrpac-data.org	MoTrPAC			transcriptomics	UBERON:0000948
https://motrpac-data.org	90147015802	https://motrpac-data.org	MoTrPAC			transcriptomics	UBERON:0000948
https://motrpac-data.org	90146015802	https://motrpac-data.org	MoTrPAC			transcriptomics	UBERON:0000948
https://motrpac-data.org	90026015802	https://motrpac-data.org	MoTrPAC			transcriptomics	UBERON:0000948
https://motrpac-data.org	90028015802	https://motrpac-data.org	MoTrPAC			transcriptomics	UBERON:0000948
https://motrpac-data.org	90027015802	https://motrpac-data.org	MoTrPAC			transcriptomics	UBERON:0000948
https://motrpac-data.org	90029015802	https://motrpac-data.org	MoTrPAC			transcriptomics	UBERON:0000948
https://motrpac-data.org	90032015802	https://motrpac-data.org	MoTrPAC			transcriptomics	UBERON:0000948
https://motrpac-data.org	90031015802	https://motrpac-data.org	MoTrPAC			transcriptomics	UBERON:0000948
https://motrpac-data.org	90033015802	https://motrpac-data.org	MoTrPAC			transcriptomics	UBERON:0000948
https://motrpac-data.org	90034015802	https://motrpac-data.org	MoTrPAC			transcriptomics	UBERON:0000948
https://motrpac-data.org	90135015802	https://motrpac-data.org	MoTrPAC			transcriptomics	UBERON:0000948
https://motrpac-data.org	90001015802	https://motrpac-data.org	MoTrPAC			transcriptomics	UBERON:0000948
https://motrpac-data.org	90043015802	https://motrpac-data.org	MoTrPAC			transcriptomics	UBERON:0000948
https://motrpac-data.org	90040015802	https://motrpac-data.org	MoTrPAC			transcriptomics	UBERON:0000948
https://motrpac-data.org	90144015802	https://motrpac-data.org	MoTrPAC			transcriptomics	UBERON:0000948
https://motrpac-data.org	90023015802	https://motrpac-data.org	MoTrPAC			transcriptomics	UBERON:0000948
https://motrpac-data.org	90044015802	https://motrpac-data.org	MoTrPAC			transcriptomics	UBERON:0000948
https://motrpac-data.org	90134015802	https://motrpac-data.org	MoTrPAC			transcriptomics	UBERON:0000948
https://motrpac-data.org	90010015802	https://motrpac-data.org	MoTrPAC			transcriptomics	UBERON:0000948
https://motrpac-data.org	90011015802	https://motrpac-data.org	MoTrPAC			transcriptomics	UBERON:0000948
https://motrpac-data.org	90012015802	https://motrpac-data.org	MoTrPAC			transcriptomics	UBERON:0000948
https://motrpac-data.org	90018015802	https://motrpac-data.org	MoTrPAC			transcriptomics	UBERON:0000948
https://motrpac-data.org	90020015802	https://motrpac-data.org	MoTrPAC			transcriptomics	UBERON:0000948
https://motrpac-data.org	90025015802	https://motrpac-data.org	MoTrPAC			transcriptomics	UBERON:0000948
https://motrpac-data.org	90128015802	https://motrpac-data.org	MoTrPAC			transcriptomics	UBERON:0000948
https://motrpac-data.org	90124015802	https://motrpac-data.org	MoTrPAC			transcriptomics	UBERON:0000948
https://motrpac-data.org	90122015802	https://motrpac-data.org	MoTrPAC			transcriptomics	UBERON:0000948
https://motrpac-data.org	90121015802	https://motrpac-data.org	MoTrPAC			transcriptomics	UBERON:0000948
https://motrpac-data.org	90005015802	https://motrpac-data.org	MoTrPAC			transcriptomics	UBERON:0000948
https://motrpac-data.org	90041015802	https://motrpac-data.org	MoTrPAC			transcriptomics	UBERON:0000948
https://motrpac-data.org	90145015802	https://motrpac-data.org	MoTrPAC			transcriptomics	UBERON:0000948
https://motrpac-data.org	90042015802	https://motrpac-data.org	MoTrPAC			transcriptomics	UBERON:0000948
https://motrpac-data.org	90133015802	https://motrpac-data.org	MoTrPAC			transcriptomics	UBERON:0000948
https://motrpac-data.org	90011016803	https://motrpac-data.org	MoTrPAC			transcriptomics	UBERON:0002107
https://motrpac-data.org	90110016803	https://motrpac-data.org	MoTrPAC			transcriptomics	UBERON:0002107
https://motrpac-data.org	90044016803	https://motrpac-data.org	MoTrPAC			transcriptomics	UBERON:0002107
https://motrpac-data.org	90013016803	https://motrpac-data.org	MoTrPAC			transcriptomics	UBERON:0002107
https://motrpac-data.org	90008016803	https://motrpac-data.org	MoTrPAC			transcriptomics	UBERON:0002107
https://motrpac-data.org	90038016803	https://motrpac-data.org	MoTrPAC			transcriptomics	UBERON:0002107
https://motrpac-data.org	90010016803	https://motrpac-data.org	MoTrPAC			transcriptomics	UBERON:0002107
https://motrpac-data.org	90142016803	https://motrpac-data.org	MoTrPAC			transcriptomics	UBERON:0002107
https://motrpac-data.org	90136016803	https://motrpac-data.org	MoTrPAC			transcriptomics	UBERON:0002107
https://motrpac-data.org	90015016803	https://motrpac-data.org	MoTrPAC			transcriptomics	UBERON:0002107
https://motrpac-data.org	90120016803	https://motrpac-data.org	MoTrPAC			transcriptomics	UBERON:0002107
https://motrpac-data.org	90028016803	https://motrpac-data.org	MoTrPAC			transcriptomics	UBERON:0002107
https://motrpac-data.org	90026016803	https://motrpac-data.org	MoTrPAC			transcriptomics	UBERON:0002107
https://motrpac-data.org	90040016803	https://motrpac-data.org	MoTrPAC			transcriptomics	UBERON:0002107
https://motrpac-data.org	90114016803	https://motrpac-data.org	MoTrPAC			transcriptomics	UBERON:0002107
https://motrpac-data.org	90139016803	https://motrpac-data.org	MoTrPAC			transcriptomics	UBERON:0002107
https://motrpac-data.org	90159016803	https://motrpac-data.org	MoTrPAC			transcriptomics	UBERON:0002107
https://motrpac-data.org	90150016803	https://motrpac-data.org	MoTrPAC			transcriptomics	UBERON:0002107
https://motrpac-data.org	90017016803	https://motrpac-data.org	MoTrPAC			transcriptomics	UBERON:0002107
https://motrpac-data.org	90143016803	https://motrpac-data.org	MoTrPAC			transcriptomics	UBERON:0002107
https://motrpac-data.org	80002886821	https://motrpac-data.org	MoTrPAC			transcriptomics	UBERON:0002107
https://motrpac-data.org	90047016803	https://motrpac-data.org	MoTrPAC			transcriptomics	UBERON:0002107
https://motrpac-data.org	90140016803	https://motrpac-data.org	MoTrPAC			transcriptomics	UBERON:0002107
https://motrpac-data.org	90048016803	https://motrpac-data.org	MoTrPAC			transcriptomics	UBERON:0002107
https://motrpac-data.org	90034016803	https://motrpac-data.org	MoTrPAC			transcriptomics	UBERON:0002107
https://motrpac-data.org	90134016803	https://motrpac-data.org	MoTrPAC			transcriptomics	UBERON:0002107
https://motrpac-data.org	90025016803	https://motrpac-data.org	MoTrPAC			transcriptomics	UBERON:0002107
https://motrpac-data.org	80003996821	https://motrpac-data.org	MoTrPAC			transcriptomics	UBERON:0002107
https://motrpac-data.org	90039016803	https://motrpac-data.org	MoTrPAC			transcriptomics	UBERON:0002107
https://motrpac-data.org	90031016803	https://motrpac-data.org	MoTrPAC			transcriptomics	UBERON:0002107
https://motrpac-data.org	90117016803	https://motrpac-data.org	MoTrPAC			transcriptomics	UBERON:0002107
https://motrpac-data.org	90018016803	https://motrpac-data.org	MoTrPAC			transcriptomics	UBERON:0002107
https://motrpac-data.org	90112016803	https://motrpac-data.org	MoTrPAC			transcriptomics	UBERON:0002107
https://motrpac-data.org	90126016803	https://motrpac-data.org	MoTrPAC			transcriptomics	UBERON:0002107
https://motrpac-data.org	90009016803	https://motrpac-data.org	MoTrPAC			transcriptomics	UBERON:0002107
https://motrpac-data.org	90133016803	https://motrpac-data.org	MoTrPAC			transcriptomics	UBERON:0002107
https://motrpac-data.org	90119016803	https://motrpac-data.org	MoTrPAC			transcriptomics	UBERON:0002107
https://motrpac-data.org	90127016803	https://motrpac-data.org	MoTrPAC			transcriptomics	UBERON:0002107
https://motrpac-data.org	90007016803	https://motrpac-data.org	MoTrPAC			transcriptomics	UBERON:0002107
https://motrpac-data.org	90123016803	https://motrpac-data.org	MoTrPAC			transcriptomics	UBERON:0002107
https://motrpac-data.org	90146016803	https://motrpac-data.org	MoTrPAC			transcriptomics	UBERON:0002107
https://motrpac-data.org	90042016803	https://motrpac-data.org	MoTrPAC			transcriptomics	UBERON:0002107
https://motrpac-data.org	90128016803	https://motrpac-data.org	MoTrPAC			transcriptomics	UBERON:0002107
https://motrpac-data.org	90012016803	https://motrpac-data.org	MoTrPAC			transcriptomics	UBERON:0002107
https://motrpac-data.org	90045016803	https://motrpac-data.org	MoTrPAC			transcriptomics	UBERON:0002107
https://motrpac-data.org	90122016803	https://motrpac-data.org	MoTrPAC			transcriptomics	UBERON:0002107
https://motrpac-data.org	90033016803	https://motrpac-data.org	MoTrPAC			transcriptomics	UBERON:0002107
https://motrpac-data.org	90160016803	https://motrpac-data.org	MoTrPAC			transcriptomics	UBERON:0002107
https://motrpac-data.org	90037016803	https://motrpac-data.org	MoTrPAC			transcriptomics	UBERON:0002107
https://motrpac-data.org	90118016803	https://motrpac-data.org	MoTrPAC			transcriptomics	UBERON:0002107
https://motrpac-data.org	90052016803	https://motrpac-data.org	MoTrPAC			transcriptomics	UBERON:0002107
https://motrpac-data.org	90152016803	https://motrpac-data.org	MoTrPAC			transcriptomics	UBERON:0002107
https://motrpac-data.org	90121016803	https://motrpac-data.org	MoTrPAC			transcriptomics	UBERON:0002107
https://motrpac-data.org	90115016803	https://motrpac-data.org	MoTrPAC			transcriptomics	UBERON:0002107
https://motrpac-data.org	90155016803	https://motrpac-data.org	MoTrPAC			transcriptomics	UBERON:0002107
https://motrpac-data.org	90027016803	https://motrpac-data.org	MoTrPAC			transcriptomics	UBERON:0002107
https://motrpac-data.org	90141016803	https://motrpac-data.org	MoTrPAC			transcriptomics	UBERON:0002107
https://motrpac-data.org	90157016803	https://motrpac-data.org	MoTrPAC			transcriptomics	UBERON:0002107
https://motrpac-data.org	90001016803	https://motrpac-data.org	MoTrPAC			transcriptomics	UBERON:0002107
https://motrpac-data.org	90135016803	https://motrpac-data.org	MoTrPAC			transcriptomics	UBERON:0002107
https://motrpac-data.org	90147016803	https://motrpac-data.org	MoTrPAC			transcriptomics	UBERON:0002107
https://motrpac-data.org	90148016803	https://motrpac-data.org	MoTrPAC			transcriptomics	UBERON:0002107
https://motrpac-data.org	90050016803	https://motrpac-data.org	MoTrPAC			transcriptomics	UBERON:0002107
https://motrpac-data.org	90032016803	https://motrpac-data.org	MoTrPAC			transcriptomics	UBERON:0002107
https://motrpac-data.org	90053016803	https://motrpac-data.org	MoTrPAC			transcriptomics	UBERON:0002107
https://motrpac-data.org	90109016803	https://motrpac-data.org	MoTrPAC			transcriptomics	UBERON:0002107
https://motrpac-data.org	90145016803	https://motrpac-data.org	MoTrPAC			transcriptomics	UBERON:0002107
https://motrpac-data.org	90046016803	https://motrpac-data.org	MoTrPAC			transcriptomics	UBERON:0002107
https://motrpac-data.org	90124016803	https://motrpac-data.org	MoTrPAC			transcriptomics	UBERON:0002107
https://motrpac-data.org	90041016803	https://motrpac-data.org	MoTrPAC			transcriptomics	UBERON:0002107
https://motrpac-data.org	90020016803	https://motrpac-data.org	MoTrPAC			transcriptomics	UBERON:0002107
https://motrpac-data.org	90029016803	https://motrpac-data.org	MoTrPAC			transcriptomics	UBERON:0002107
https://motrpac-data.org	90023016803	https://motrpac-data.org	MoTrPAC			transcriptomics	UBERON:0002107
https://motrpac-data.org	90005016803	https://motrpac-data.org	MoTrPAC			transcriptomics	UBERON:0002107
https://motrpac-data.org	90156016803	https://motrpac-data.org	MoTrPAC			transcriptomics	UBERON:0002107
https://motrpac-data.org	90043016803	https://motrpac-data.org	MoTrPAC			transcriptomics	UBERON:0002107
https://motrpac-data.org	90014016803	https://motrpac-data.org	MoTrPAC			transcriptomics	UBERON:0002107
https://motrpac-data.org	90138016803	https://motrpac-data.org	MoTrPAC			transcriptomics	UBERON:0002107
https://motrpac-data.org	90129016803	https://motrpac-data.org	MoTrPAC			transcriptomics	UBERON:0002107
https://motrpac-data.org	90144016803	https://motrpac-data.org	MoTrPAC			transcriptomics	UBERON:0002107
https://motrpac-data.org	90001013001	https://motrpac-data.org	MoTrPAC			transcriptomics	PaxGene
https://motrpac-data.org	90017013001	https://motrpac-data.org	MoTrPAC			transcriptomics	PaxGene
https://motrpac-data.org	90005013001	https://motrpac-data.org	MoTrPAC			transcriptomics	PaxGene
https://motrpac-data.org	90010013001	https://motrpac-data.org	MoTrPAC			transcriptomics	PaxGene
https://motrpac-data.org	90007013001	https://motrpac-data.org	MoTrPAC			transcriptomics	PaxGene
https://motrpac-data.org	90011013001	https://motrpac-data.org	MoTrPAC			transcriptomics	PaxGene
https://motrpac-data.org	90014013001	https://motrpac-data.org	MoTrPAC			transcriptomics	PaxGene
https://motrpac-data.org	90013013001	https://motrpac-data.org	MoTrPAC			transcriptomics	PaxGene
https://motrpac-data.org	90012013001	https://motrpac-data.org	MoTrPAC			transcriptomics	PaxGene
https://motrpac-data.org	90009013001	https://motrpac-data.org	MoTrPAC			transcriptomics	PaxGene
https://motrpac-data.org	90008013001	https://motrpac-data.org	MoTrPAC			transcriptomics	PaxGene
https://motrpac-data.org	90015013001	https://motrpac-data.org	MoTrPAC			transcriptomics	PaxGene
https://motrpac-data.org	90037013001	https://motrpac-data.org	MoTrPAC			transcriptomics	PaxGene
https://motrpac-data.org	90112013001	https://motrpac-data.org	MoTrPAC			transcriptomics	PaxGene
https://motrpac-data.org	90110013001	https://motrpac-data.org	MoTrPAC			transcriptomics	PaxGene
https://motrpac-data.org	90109013001	https://motrpac-data.org	MoTrPAC			transcriptomics	PaxGene
https://motrpac-data.org	90144013001	https://motrpac-data.org	MoTrPAC			transcriptomics	PaxGene
https://motrpac-data.org	90143013001	https://motrpac-data.org	MoTrPAC			transcriptomics	PaxGene
https://motrpac-data.org	90142013001	https://motrpac-data.org	MoTrPAC			transcriptomics	PaxGene
https://motrpac-data.org	90141013001	https://motrpac-data.org	MoTrPAC			transcriptomics	PaxGene
https://motrpac-data.org	90140013001	https://motrpac-data.org	MoTrPAC			transcriptomics	PaxGene
https://motrpac-data.org	90139013001	https://motrpac-data.org	MoTrPAC			transcriptomics	PaxGene
https://motrpac-data.org	90114013001	https://motrpac-data.org	MoTrPAC			transcriptomics	PaxGene
https://motrpac-data.org	90138013001	https://motrpac-data.org	MoTrPAC			transcriptomics	PaxGene
https://motrpac-data.org	90135013001	https://motrpac-data.org	MoTrPAC			transcriptomics	PaxGene
https://motrpac-data.org	90134013001	https://motrpac-data.org	MoTrPAC			transcriptomics	PaxGene
https://motrpac-data.org	90133013001	https://motrpac-data.org	MoTrPAC			transcriptomics	PaxGene
https://motrpac-data.org	90129013001	https://motrpac-data.org	MoTrPAC			transcriptomics	PaxGene
https://motrpac-data.org	90128013001	https://motrpac-data.org	MoTrPAC			transcriptomics	PaxGene
https://motrpac-data.org	90127013001	https://motrpac-data.org	MoTrPAC			transcriptomics	PaxGene
https://motrpac-data.org	90034013001	https://motrpac-data.org	MoTrPAC			transcriptomics	PaxGene
https://motrpac-data.org	90033013001	https://motrpac-data.org	MoTrPAC			transcriptomics	PaxGene
https://motrpac-data.org	90032013001	https://motrpac-data.org	MoTrPAC			transcriptomics	PaxGene
https://motrpac-data.org	90018013001	https://motrpac-data.org	MoTrPAC			transcriptomics	PaxGene
https://motrpac-data.org	90031013001	https://motrpac-data.org	MoTrPAC			transcriptomics	PaxGene
https://motrpac-data.org	90115013001	https://motrpac-data.org	MoTrPAC			transcriptomics	PaxGene
https://motrpac-data.org	90118013001	https://motrpac-data.org	MoTrPAC			transcriptomics	PaxGene
https://motrpac-data.org	80007993001	https://motrpac-data.org	MoTrPAC			transcriptomics	PaxGene
https://motrpac-data.org	80006883001	https://motrpac-data.org	MoTrPAC			transcriptomics	PaxGene
https://motrpac-data.org	90160013001	https://motrpac-data.org	MoTrPAC			transcriptomics	PaxGene
https://motrpac-data.org	90159013001	https://motrpac-data.org	MoTrPAC			transcriptomics	PaxGene
https://motrpac-data.org	90157013001	https://motrpac-data.org	MoTrPAC			transcriptomics	PaxGene
https://motrpac-data.org	90156013001	https://motrpac-data.org	MoTrPAC			transcriptomics	PaxGene
https://motrpac-data.org	90155013001	https://motrpac-data.org	MoTrPAC			transcriptomics	PaxGene
https://motrpac-data.org	90152013001	https://motrpac-data.org	MoTrPAC			transcriptomics	PaxGene
https://motrpac-data.org	90150013001	https://motrpac-data.org	MoTrPAC			transcriptomics	PaxGene
https://motrpac-data.org	90117013001	https://motrpac-data.org	MoTrPAC			transcriptomics	PaxGene
https://motrpac-data.org	90148013001	https://motrpac-data.org	MoTrPAC			transcriptomics	PaxGene
https://motrpac-data.org	90146013001	https://motrpac-data.org	MoTrPAC			transcriptomics	PaxGene
https://motrpac-data.org	90145013001	https://motrpac-data.org	MoTrPAC			transcriptomics	PaxGene
https://motrpac-data.org	90126013001	https://motrpac-data.org	MoTrPAC			transcriptomics	PaxGene
https://motrpac-data.org	90124013001	https://motrpac-data.org	MoTrPAC			transcriptomics	PaxGene
https://motrpac-data.org	90123013001	https://motrpac-data.org	MoTrPAC			transcriptomics	PaxGene
https://motrpac-data.org	90122013001	https://motrpac-data.org	MoTrPAC			transcriptomics	PaxGene
https://motrpac-data.org	90121013001	https://motrpac-data.org	MoTrPAC			transcriptomics	PaxGene
https://motrpac-data.org	90120013001	https://motrpac-data.org	MoTrPAC			transcriptomics	PaxGene
https://motrpac-data.org	90119013001	https://motrpac-data.org	MoTrPAC			transcriptomics	PaxGene
https://motrpac-data.org	90147013001	https://motrpac-data.org	MoTrPAC			transcriptomics	PaxGene
https://motrpac-data.org	90029013001	https://motrpac-data.org	MoTrPAC			transcriptomics	PaxGene
https://motrpac-data.org	90136013001	https://motrpac-data.org	MoTrPAC			transcriptomics	PaxGene
https://motrpac-data.org	90047013001	https://motrpac-data.org	MoTrPAC			transcriptomics	PaxGene
https://motrpac-data.org	90053013001	https://motrpac-data.org	MoTrPAC			transcriptomics	PaxGene
https://motrpac-data.org	90052013001	https://motrpac-data.org	MoTrPAC			transcriptomics	PaxGene
https://motrpac-data.org	90045013001	https://motrpac-data.org	MoTrPAC			transcriptomics	PaxGene
https://motrpac-data.org	90050013001	https://motrpac-data.org	MoTrPAC			transcriptomics	PaxGene
https://motrpac-data.org	90042013001	https://motrpac-data.org	MoTrPAC			transcriptomics	PaxGene
https://motrpac-data.org	90043013001	https://motrpac-data.org	MoTrPAC			transcriptomics	PaxGene
https://motrpac-data.org	90041013001	https://motrpac-data.org	MoTrPAC			transcriptomics	PaxGene
https://motrpac-data.org	90048013001	https://motrpac-data.org	MoTrPAC			transcriptomics	PaxGene
https://motrpac-data.org	90023013001	https://motrpac-data.org	MoTrPAC			transcriptomics	PaxGene
https://motrpac-data.org	90044013001	https://motrpac-data.org	MoTrPAC			transcriptomics	PaxGene
https://motrpac-data.org	90025013001	https://motrpac-data.org	MoTrPAC			transcriptomics	PaxGene
https://motrpac-data.org	90040013001	https://motrpac-data.org	MoTrPAC			transcriptomics	PaxGene
https://motrpac-data.org	90026013001	https://motrpac-data.org	MoTrPAC			transcriptomics	PaxGene
https://motrpac-data.org	90039013001	https://motrpac-data.org	MoTrPAC			transcriptomics	PaxGene
https://motrpac-data.org	90027013001	https://motrpac-data.org	MoTrPAC			transcriptomics	PaxGene
https://motrpac-data.org	90038013001	https://motrpac-data.org	MoTrPAC			transcriptomics	PaxGene
https://motrpac-data.org	90020013001	https://motrpac-data.org	MoTrPAC			transcriptomics	PaxGene
https://motrpac-data.org	90028013001	https://motrpac-data.org	MoTrPAC			transcriptomics	PaxGene
https://motrpac-data.org	90046013001	https://motrpac-data.org	MoTrPAC			transcriptomics	PaxGene
https://motrpac-data.org	90143017003	https://motrpac-data.org	MoTrPAC			transcriptomics	UBERON:0001347
https://motrpac-data.org	90144017003	https://motrpac-data.org	MoTrPAC			transcriptomics	UBERON:0001347
https://motrpac-data.org	90129017003	https://motrpac-data.org	MoTrPAC			transcriptomics	UBERON:0001347
https://motrpac-data.org	90023017003	https://motrpac-data.org	MoTrPAC			transcriptomics	UBERON:0001347
https://motrpac-data.org	90147017003	https://motrpac-data.org	MoTrPAC			transcriptomics	UBERON:0001347
https://motrpac-data.org	90117017003	https://motrpac-data.org	MoTrPAC			transcriptomics	UBERON:0001347
https://motrpac-data.org	90005017003	https://motrpac-data.org	MoTrPAC			transcriptomics	UBERON:0001347
https://motrpac-data.org	90047017003	https://motrpac-data.org	MoTrPAC			transcriptomics	UBERON:0001347
https://motrpac-data.org	90122017003	https://motrpac-data.org	MoTrPAC			transcriptomics	UBERON:0001347
https://motrpac-data.org	90050017003	https://motrpac-data.org	MoTrPAC			transcriptomics	UBERON:0001347
https://motrpac-data.org	90141017003	https://motrpac-data.org	MoTrPAC			transcriptomics	UBERON:0001347
https://motrpac-data.org	90118017003	https://motrpac-data.org	MoTrPAC			transcriptomics	UBERON:0001347
https://motrpac-data.org	90148017003	https://motrpac-data.org	MoTrPAC			transcriptomics	UBERON:0001347
https://motrpac-data.org	90008017003	https://motrpac-data.org	MoTrPAC			transcriptomics	UBERON:0001347
https://motrpac-data.org	90013017003	https://motrpac-data.org	MoTrPAC			transcriptomics	UBERON:0001347
https://motrpac-data.org	90017017003	https://motrpac-data.org	MoTrPAC			transcriptomics	UBERON:0001347
https://motrpac-data.org	90114017003	https://motrpac-data.org	MoTrPAC			transcriptomics	UBERON:0001347
https://motrpac-data.org	90160017003	https://motrpac-data.org	MoTrPAC			transcriptomics	UBERON:0001347
https://motrpac-data.org	90045017003	https://motrpac-data.org	MoTrPAC			transcriptomics	UBERON:0001347
https://motrpac-data.org	90115017003	https://motrpac-data.org	MoTrPAC			transcriptomics	UBERON:0001347
https://motrpac-data.org	90033017003	https://motrpac-data.org	MoTrPAC			transcriptomics	UBERON:0001347
https://motrpac-data.org	90052017003	https://motrpac-data.org	MoTrPAC			transcriptomics	UBERON:0001347
https://motrpac-data.org	90112017003	https://motrpac-data.org	MoTrPAC			transcriptomics	UBERON:0001347
https://motrpac-data.org	90150017003	https://motrpac-data.org	MoTrPAC			transcriptomics	UBERON:0001347
https://motrpac-data.org	90015017003	https://motrpac-data.org	MoTrPAC			transcriptomics	UBERON:0001347
https://motrpac-data.org	90028017003	https://motrpac-data.org	MoTrPAC			transcriptomics	UBERON:0001347
https://motrpac-data.org	80005997026	https://motrpac-data.org	MoTrPAC			transcriptomics	UBERON:0001347
https://motrpac-data.org	90031017003	https://motrpac-data.org	MoTrPAC			transcriptomics	UBERON:0001347
https://motrpac-data.org	90152017003	https://motrpac-data.org	MoTrPAC			transcriptomics	UBERON:0001347
https://motrpac-data.org	90155017003	https://motrpac-data.org	MoTrPAC			transcriptomics	UBERON:0001347
https://motrpac-data.org	90040017003	https://motrpac-data.org	MoTrPAC			transcriptomics	UBERON:0001347
https://motrpac-data.org	90001017003	https://motrpac-data.org	MoTrPAC			transcriptomics	UBERON:0001347
https://motrpac-data.org	90145017003	https://motrpac-data.org	MoTrPAC			transcriptomics	UBERON:0001347
https://motrpac-data.org	90020017003	https://motrpac-data.org	MoTrPAC			transcriptomics	UBERON:0001347
https://motrpac-data.org	90136017003	https://motrpac-data.org	MoTrPAC			transcriptomics	UBERON:0001347
https://motrpac-data.org	90043017003	https://motrpac-data.org	MoTrPAC			transcriptomics	UBERON:0001347
https://motrpac-data.org	90014017003	https://motrpac-data.org	MoTrPAC			transcriptomics	UBERON:0001347
https://motrpac-data.org	90126017003	https://motrpac-data.org	MoTrPAC			transcriptomics	UBERON:0001347
https://motrpac-data.org	90012017003	https://motrpac-data.org	MoTrPAC			transcriptomics	UBERON:0001347
https://motrpac-data.org	90127017003	https://motrpac-data.org	MoTrPAC			transcriptomics	UBERON:0001347
https://motrpac-data.org	90025017003	https://motrpac-data.org	MoTrPAC			transcriptomics	UBERON:0001347
https://motrpac-data.org	90134017003	https://motrpac-data.org	MoTrPAC			transcriptomics	UBERON:0001347
https://motrpac-data.org	90032017003	https://motrpac-data.org	MoTrPAC			transcriptomics	UBERON:0001347
https://motrpac-data.org	90119017003	https://motrpac-data.org	MoTrPAC			transcriptomics	UBERON:0001347
https://motrpac-data.org	90138017003	https://motrpac-data.org	MoTrPAC			transcriptomics	UBERON:0001347
https://motrpac-data.org	90046017003	https://motrpac-data.org	MoTrPAC			transcriptomics	UBERON:0001347
https://motrpac-data.org	90018017003	https://motrpac-data.org	MoTrPAC			transcriptomics	UBERON:0001347
https://motrpac-data.org	90157017003	https://motrpac-data.org	MoTrPAC			transcriptomics	UBERON:0001347
https://motrpac-data.org	90029017003	https://motrpac-data.org	MoTrPAC			transcriptomics	UBERON:0001347
https://motrpac-data.org	90140017003	https://motrpac-data.org	MoTrPAC			transcriptomics	UBERON:0001347
https://motrpac-data.org	90128017003	https://motrpac-data.org	MoTrPAC			transcriptomics	UBERON:0001347
https://motrpac-data.org	90039017003	https://motrpac-data.org	MoTrPAC			transcriptomics	UBERON:0001347
https://motrpac-data.org	90010017003	https://motrpac-data.org	MoTrPAC			transcriptomics	UBERON:0001347
https://motrpac-data.org	90142017003	https://motrpac-data.org	MoTrPAC			transcriptomics	UBERON:0001347
https://motrpac-data.org	90027017003	https://motrpac-data.org	MoTrPAC			transcriptomics	UBERON:0001347
https://motrpac-data.org	90156017003	https://motrpac-data.org	MoTrPAC			transcriptomics	UBERON:0001347
https://motrpac-data.org	90007017003	https://motrpac-data.org	MoTrPAC			transcriptomics	UBERON:0001347
https://motrpac-data.org	90048017003	https://motrpac-data.org	MoTrPAC			transcriptomics	UBERON:0001347
https://motrpac-data.org	80004887026	https://motrpac-data.org	MoTrPAC			transcriptomics	UBERON:0001347
https://motrpac-data.org	90053017003	https://motrpac-data.org	MoTrPAC			transcriptomics	UBERON:0001347
https://motrpac-data.org	90038017003	https://motrpac-data.org	MoTrPAC			transcriptomics	UBERON:0001347
https://motrpac-data.org	90139017003	https://motrpac-data.org	MoTrPAC			transcriptomics	UBERON:0001347
https://motrpac-data.org	90042017003	https://motrpac-data.org	MoTrPAC			transcriptomics	UBERON:0001347
https://motrpac-data.org	90123017003	https://motrpac-data.org	MoTrPAC			transcriptomics	UBERON:0001347
https://motrpac-data.org	90011017003	https://motrpac-data.org	MoTrPAC			transcriptomics	UBERON:0001347
https://motrpac-data.org	90110017003	https://motrpac-data.org	MoTrPAC			transcriptomics	UBERON:0001347
https://motrpac-data.org	90120017003	https://motrpac-data.org	MoTrPAC			transcriptomics	UBERON:0001347
https://motrpac-data.org	90135017003	https://motrpac-data.org	MoTrPAC			transcriptomics	UBERON:0001347
https://motrpac-data.org	90121017003	https://motrpac-data.org	MoTrPAC			transcriptomics	UBERON:0001347
https://motrpac-data.org	90044017003	https://motrpac-data.org	MoTrPAC			transcriptomics	UBERON:0001347
https://motrpac-data.org	90009017003	https://motrpac-data.org	MoTrPAC			transcriptomics	UBERON:0001347
https://motrpac-data.org	90026017003	https://motrpac-data.org	MoTrPAC			transcriptomics	UBERON:0001347
https://motrpac-data.org	90124017003	https://motrpac-data.org	MoTrPAC			transcriptomics	UBERON:0001347
https://motrpac-data.org	90109017003	https://motrpac-data.org	MoTrPAC			transcriptomics	UBERON:0001347
https://motrpac-data.org	90041017003	https://motrpac-data.org	MoTrPAC			transcriptomics	UBERON:0001347
https://motrpac-data.org	90133017003	https://motrpac-data.org	MoTrPAC			transcriptomics	UBERON:0001347
https://motrpac-data.org	90034017003	https://motrpac-data.org	MoTrPAC			transcriptomics	UBERON:0001347
https://motrpac-data.org	90159017003	https://motrpac-data.org	MoTrPAC			transcriptomics	UBERON:0001347
https://motrpac-data.org	90037017003	https://motrpac-data.org	MoTrPAC			transcriptomics	UBERON:0001347
https://motrpac-data.org	90146017003	https://motrpac-data.org	MoTrPAC			transcriptomics	UBERON:0001347